Cause,DAVIDSON_Total_Rank,DAVIDSON_Total_Number,DAVIDSON_Total_Rate,DAVIDSON_Total_Age_Adjusted_Rate,DAVIDSON_Male_Rank,DAVIDSON_Male_Number,DAVIDSON_Male_Rate,DAVIDSON_Male_Age_Adjusted_Rate,DAVIDSON_Female_Rank,DAVIDSON_Female_Number,DAVIDSON_Female_Rate,DAVIDSON_Female_Age_Adjusted_Rate,Region,EAST_Total_Rank,EAST_Total_Number,EAST_Total_Rate,EAST_Total_Age_Adjusted_Rate,EAST_Male_Rank,EAST_Male_Number,EAST_Male_Rate,EAST_Male_Age_Adjusted_Rate,EAST_Female_Rank,EAST_Female_Number,EAST_Female_Rate,EAST_Female_Age_Adjusted_Rate,HAMILTON_Total_Rank,HAMILTON_Total_Number,HAMILTON_Total_Rate,HAMILTON_Total_Age_Adjusted_Rate,HAMILTON_Male_Rank,HAMILTON_Male_Number,HAMILTON_Male_Rate,HAMILTON_Male_Age_Adjusted_Rate,HAMILTON_Female_Rank,HAMILTON_Female_Number,HAMILTON_Female_Rate,HAMILTON_Female_Age_Adjusted_Rate,KNOX_Total_Rank,KNOX_Total_Number,KNOX_Total_Rate,KNOX_Total_Age_Adjusted_Rate,KNOX_Male_Rank,KNOX_Male_Number,KNOX_Male_Rate,KNOX_Male_Age_Adjusted_Rate,KNOX_Female_Rank,KNOX_Female_Number,KNOX_Female_Rate,KNOX_Female_Age_Adjusted_Rate,MADISON_Total_Rank,MADISON_Total_Number,MADISON_Total_Rate,MADISON_Total_Age_Adjusted_Rate,MADISON_Male_Rank,MADISON_Male_Number,MADISON_Male_Rate,MADISON_Male_Age_Adjusted_Rate,MADISON_Female_Rank,MADISON_Female_Number,MADISON_Female_Rate,MADISON_Female_Age_Adjusted_Rate,MID-CUMBERLAND_Total_Rank,MID-CUMBERLAND_Total_Number,MID-CUMBERLAND_Total_Rate,MID-CUMBERLAND_Total_Age_Adjusted_Rate,MID-CUMBERLAND_Male_Rank,MID-CUMBERLAND_Male_Number,MID-CUMBERLAND_Male_Rate,MID-CUMBERLAND_Male_Age_Adjusted_Rate,MID-CUMBERLAND_Female_Rank,MID-CUMBERLAND_Female_Number,MID-CUMBERLAND_Female_Rate,MID-CUMBERLAND_Female_Age_Adjusted_Rate,NORTHEAST_Total_Rank,NORTHEAST_Total_Number,NORTHEAST_Total_Rate,NORTHEAST_Total_Age_Adjusted_Rate,NORTHEAST_Male_Rank,NORTHEAST_Male_Number,NORTHEAST_Male_Rate,NORTHEAST_Male_Age_Adjusted_Rate,NORTHEAST_Female_Rank,NORTHEAST_Female_Number,NORTHEAST_Female_Rate,NORTHEAST_Female_Age_Adjusted_Rate,SHELBY_Total_Rank,SHELBY_Total_Number,SHELBY_Total_Rate,SHELBY_Total_Age_Adjusted_Rate,SHELBY_Male_Rank,SHELBY_Male_Number,SHELBY_Male_Rate,SHELBY_Male_Age_Adjusted_Rate,SHELBY_Female_Rank,SHELBY_Female_Number,SHELBY_Female_Rate,SHELBY_Female_Age_Adjusted_Rate,SOUTH CENTRAL_Total_Rank,SOUTH CENTRAL_Total_Number,SOUTH CENTRAL_Total_Rate,SOUTH CENTRAL_Total_Age_Adjusted_Rate,SOUTH CENTRAL_Male_Rank,SOUTH CENTRAL_Male_Number,SOUTH CENTRAL_Male_Rate,SOUTH CENTRAL_Male_Age_Adjusted_Rate,SOUTH CENTRAL_Female_Rank,SOUTH CENTRAL_Female_Number,SOUTH CENTRAL_Female_Rate,SOUTH CENTRAL_Female_Age_Adjusted_Rate,SOUTHEAST_Total_Rank,SOUTHEAST_Total_Number,SOUTHEAST_Total_Rate,SOUTHEAST_Total_Age_Adjusted_Rate,SOUTHEAST_Male_Rank,SOUTHEAST_Male_Number,SOUTHEAST_Male_Rate,SOUTHEAST_Male_Age_Adjusted_Rate,SOUTHEAST_Female_Rank,SOUTHEAST_Female_Number,SOUTHEAST_Female_Rate,SOUTHEAST_Female_Age_Adjusted_Rate,SULLIVAN_Total_Rank,SULLIVAN_Total_Number,SULLIVAN_Total_Rate,SULLIVAN_Total_Age_Adjusted_Rate,SULLIVAN_Male_Rank,SULLIVAN_Male_Number,SULLIVAN_Male_Rate,SULLIVAN_Male_Age_Adjusted_Rate,SULLIVAN_Female_Rank,SULLIVAN_Female_Number,SULLIVAN_Female_Rate,SULLIVAN_Female_Age_Adjusted_Rate,UPPER CUMBERLAND_Total_Rank,UPPER CUMBERLAND_Total_Number,UPPER CUMBERLAND_Total_Rate,UPPER CUMBERLAND_Total_Age_Adjusted_Rate,UPPER CUMBERLAND_Male_Rank,UPPER CUMBERLAND_Male_Number,UPPER CUMBERLAND_Male_Rate,UPPER CUMBERLAND_Male_Age_Adjusted_Rate,UPPER CUMBERLAND_Female_Rank,UPPER CUMBERLAND_Female_Number,UPPER CUMBERLAND_Female_Rate,UPPER CUMBERLAND_Female_Age_Adjusted_Rate,WEST_Total_Rank,WEST_Total_Number,WEST_Total_Rate,WEST_Total_Age_Adjusted_Rate,WEST_Male_Rank,WEST_Male_Number,WEST_Male_Rate,WEST_Male_Age_Adjusted_Rate,WEST_Female_Rank,WEST_Female_Number,WEST_Female_Rate,WEST_Female_Age_Adjusted_Rate
DISEASES OF HEART,1.0,1155,166.390549593027,172.678505182077,1,666,199.190675722963,240.148033995214,2,489,135.909971456127,122.570581698513,DAVIDSON,,,,,,,,,,,,,,,,,,,,,,,,,,,,,,,,,,,,,,,,,,,,,,,,,,,,,,,,,,,,,,,,,,,,,,,,,,,,,,,,,,,,,,,,,,,,,,,,,,,,,,,,,,,,,,,,,,,,,,,,,,,,,,,,,,,,,,,,,,,,,,,,
MALIGNANT NEOPLASMS,2.0,1047,150.831952747965,151.183093442405,2,532,159.113272499424,179.823898721004,1,515,143.136268506964,131.101987075729,DAVIDSON,,,,,,,,,,,,,,,,,,,,,,,,,,,,,,,,,,,,,,,,,,,,,,,,,,,,,,,,,,,,,,,,,,,,,,,,,,,,,,,,,,,,,,,,,,,,,,,,,,,,,,,,,,,,,,,,,,,,,,,,,,,,,,,,,,,,,,,,,,,,,,,,
ACCIDENTS AND ADVERSE EFFECTS,3.0,581,83.6994885831593,83.375857635789,3,384,114.848677894321,118.26156544867,3,196,54.4751623832328,52.1443990779647,DAVIDSON,,,,,,,,,,,,,,,,,,,,,,,,,,,,,,,,,,,,,,,,,,,,,,,,,,,,,,,,,,,,,,,,,,,,,,,,,,,,,,,,,,,,,,,,,,,,,,,,,,,,,,,,,,,,,,,,,,,,,,,,,,,,,,,,,,,,,,,,,,,,,,,,
ALZHEIMER'S DISEASE,4.0,284,40.9133472592379,46.1549623900552,7,95,28.4130843748972,43.3265462430873,4,189,52.5296208695459,47.411492449834,DAVIDSON,,,,,,,,,,,,,,,,,,,,,,,,,,,,,,,,,,,,,,,,,,,,,,,,,,,,,,,,,,,,,,,,,,,,,,,,,,,,,,,,,,,,,,,,,,,,,,,,,,,,,,,,,,,,,,,,,,,,,,,,,,,,,,,,,,,,,,,,,,,,,,,,
CHRONIC LOWER RESPIRATORY DISEASES,5.0,276,39.7608586040481,41.6125034476199,5,111,33.1984459538272,40.9161419120077,5,165,45.8591928226194,42.4185892340186,DAVIDSON,,,,,,,,,,,,,,,,,,,,,,,,,,,,,,,,,,,,,,,,,,,,,,,,,,,,,,,,,,,,,,,,,,,,,,,,,,,,,,,,,,,,,,,,,,,,,,,,,,,,,,,,,,,,,,,,,,,,,,,,,,,,,,,,,,,,,,,,,,,,,,,,
CEREBROVASCULAR DISEASE,6.0,263,37.8880645393647,40.0445168095416,4,134,40.0774032235392,49.2934503374824,6,129,35.8535507522297,33.005525464655,DAVIDSON,,,,,,,,,,,,,,,,,,,,,,,,,,,,,,,,,,,,,,,,,,,,,,,,,,,,,,,,,,,,,,,,,,,,,,,,,,,,,,,,,,,,,,,,,,,,,,,,,,,,,,,,,,,,,,,,,,,,,,,,,,,,,,,,,,,,,,,,,,,,,,,,
DIABETES MELLITUS,7.0,158,22.7616509399986,22.9005837244416,6,96,28.7121694735803,32.0707954400296,7,62,17.2319391212267,16.1060706929666,DAVIDSON,,,,,,,,,,,,,,,,,,,,,,,,,,,,,,,,,,,,,,,,,,,,,,,,,,,,,,,,,,,,,,,,,,,,,,,,,,,,,,,,,,,,,,,,,,,,,,,,,,,,,,,,,,,,,,,,,,,,,,,,,,,,,,,,,,,,,,,,,,,,,,,,
SUICIDE,8.0,92,13.2536195346827,12.6875299565346,8,68,20.3377867104527,19.9500834498489,13,24,6.67042804692646,6.33705636405563,DAVIDSON,,,,,,,,,,,,,,,,,,,,,,,,,,,,,,,,,,,,,,,,,,,,,,,,,,,,,,,,,,,,,,,,,,,,,,,,,,,,,,,,,,,,,,,,,,,,,,,,,,,,,,,,,,,,,,,,,,,,,,,,,,,,,,,,,,,,,,,,,,,,,,,,
CHRONIC LIVER DISEASE AND CIRRHOSIS,9.0,91,13.109558452784,12.8863106989579,10,59,17.6460208223046,17.566094116873,11,32,8.89390406256861,8.86780555735845,DAVIDSON,,,,,,,,,,,,,,,,,,,,,,,,,,,,,,,,,,,,,,,,,,,,,,,,,,,,,,,,,,,,,,,,,,,,,,,,,,,,,,,,,,,,,,,,,,,,,,,,,,,,,,,,,,,,,,,,,,,,,,,,,,,,,,,,,,,,,,,,,,,,,,,,
PNEUMONIA AND INFLUENZA,10.0,80,11.524886551898,12.3948305734228,13,40,11.9634039473251,14.9406498172475,8,40,11.1173800782108,10.3507043297174,DAVIDSON,,,,,,,,,,,,,,,,,,,,,,,,,,,,,,,,,,,,,,,,,,,,,,,,,,,,,,,,,,,,,,,,,,,,,,,,,,,,,,,,,,,,,,,,,,,,,,,,,,,,,,,,,,,,,,,,,,,,,,,,,,,,,,,,,,,,,,,,,,,,,,,,
"NEPHRITIS, NEPHROTIC SYNDROME, NEPHROSIS",11.0,78,11.2367643881006,11.3815783817925,12,45,13.4588294407408,15.1752867618956,10,33,9.17183856452388,8.30098324884363,DAVIDSON,,,,,,,,,,,,,,,,,,,,,,,,,,,,,,,,,,,,,,,,,,,,,,,,,,,,,,,,,,,,,,,,,,,,,,,,,,,,,,,,,,,,,,,,,,,,,,,,,,,,,,,,,,,,,,,,,,,,,,,,,,,,,,,,,,,,,,,,,,,,,,,,
ASSAULT (HOMICIDE),12.0,75,10.8045811424044,10.8852073894851,9,63,18.8423612170371,19.0192670153563,15,12,3.33521402346323,3.18276918608618,DAVIDSON,,,,,,,,,,,,,,,,,,,,,,,,,,,,,,,,,,,,,,,,,,,,,,,,,,,,,,,,,,,,,,,,,,,,,,,,,,,,,,,,,,,,,,,,,,,,,,,,,,,,,,,,,,,,,,,,,,,,,,,,,,,,,,,,,,,,,,,,,,,,,,,,
HYPERTENSION AND RENAL DISEASE,13.0,72,10.3723978967082,10.7477135926652,14,34,10.1688933552264,11.5131484636491,9,38,10.5615110743002,9.97814753772869,DAVIDSON,,,,,,,,,,,,,,,,,,,,,,,,,,,,,,,,,,,,,,,,,,,,,,,,,,,,,,,,,,,,,,,,,,,,,,,,,,,,,,,,,,,,,,,,,,,,,,,,,,,,,,,,,,,,,,,,,,,,,,,,,,,,,,,,,,,,,,,,,,,,,,,,
DISEASES OF HEART,,,,,,,,,,,,,EAST,1.0,2251,289.972316725516,200.695186650064,1,1260,329.86711067827,253.479104238776,1,991,251.325736922059,155.3450600944,,,,,,,,,,,,,,,,,,,,,,,,,,,,,,,,,,,,,,,,,,,,,,,,,,,,,,,,,,,,,,,,,,,,,,,,,,,,,,,,,,,,,,,,,,,,,,,,,,,,,,,,,,,,,,,,,,,,,,,,,,,,,,,,,,,,
MALIGNANT NEOPLASMS,,,,,,,,,,,,,EAST,2.0,2049,263.950811626202,174.50213446247,2,1140,298.451195375577,210.831323492077,2,909,230.529863634865,145.878812463965,,,,,,,,,,,,,,,,,,,,,,,,,,,,,,,,,,,,,,,,,,,,,,,,,,,,,,,,,,,,,,,,,,,,,,,,,,,,,,,,,,,,,,,,,,,,,,,,,,,,,,,,,,,,,,,,,,,,,,,,,,,,,,,,,,,,
CHRONIC LOWER RESPIRATORY DISEASES,,,,,,,,,,,,,EAST,3.0,774,99.7061631033092,65.1080043165182,4,349,91.3679536719969,66.8869791125586,3,425,107.783489598259,64.711028021738,,,,,,,,,,,,,,,,,,,,,,,,,,,,,,,,,,,,,,,,,,,,,,,,,,,,,,,,,,,,,,,,,,,,,,,,,,,,,,,,,,,,,,,,,,,,,,,,,,,,,,,,,,,,,,,,,,,,,,,,,,,,,,,,,,,,
ACCIDENTS AND ADVERSE EFFECTS,,,,,,,,,,,,,EAST,4.0,619,79.7391666162124,73.5839989480545,3,392,102.625323322128,98.9645641997234,5,227,57.5690638560114,48.5661681031899,,,,,,,,,,,,,,,,,,,,,,,,,,,,,,,,,,,,,,,,,,,,,,,,,,,,,,,,,,,,,,,,,,,,,,,,,,,,,,,,,,,,,,,,,,,,,,,,,,,,,,,,,,,,,,,,,,,,,,,,,,,,,,,,,,,,
ALZHEIMER'S DISEASE,,,,,,,,,,,,,EAST,5.0,466,60.0298087934653,42.265067195944,7,139,36.3901018922853,31.3875661545605,4,327,82.9298849379548,49.5739833652531,,,,,,,,,,,,,,,,,,,,,,,,,,,,,,,,,,,,,,,,,,,,,,,,,,,,,,,,,,,,,,,,,,,,,,,,,,,,,,,,,,,,,,,,,,,,,,,,,,,,,,,,,,,,,,,,,,,,,,,,,,,,,,,,,,,,
CEREBROVASCULAR DISEASE,,,,,,,,,,,,,EAST,6.0,393,50.6259975447035,35.1059874890013,6,178,46.6002743656603,35.8199185343899,6,215,54.5257653261782,34.3015514415236,,,,,,,,,,,,,,,,,,,,,,,,,,,,,,,,,,,,,,,,,,,,,,,,,,,,,,,,,,,,,,,,,,,,,,,,,,,,,,,,,,,,,,,,,,,,,,,,,,,,,,,,,,,,,,,,,,,,,,,,,,,,,,,,,,,,
DIABETES MELLITUS,,,,,,,,,,,,,EAST,7.0,340,43.7985729394382,30.1136313068818,5,181,47.3856722482276,35.8637188245534,7,159,40.3237055202899,25.5700847249854,,,,,,,,,,,,,,,,,,,,,,,,,,,,,,,,,,,,,,,,,,,,,,,,,,,,,,,,,,,,,,,,,,,,,,,,,,,,,,,,,,,,,,,,,,,,,,,,,,,,,,,,,,,,,,,,,,,,,,,,,,,,,,,,,,,,
PNEUMONIA AND INFLUENZA,,,,,,,,,,,,,EAST,8.0,213,27.4385177532363,19.3821542802048,10,99,25.9181301247212,20.4780272241162,8,114,28.9113360334154,18.4438840732535,,,,,,,,,,,,,,,,,,,,,,,,,,,,,,,,,,,,,,,,,,,,,,,,,,,,,,,,,,,,,,,,,,,,,,,,,,,,,,,,,,,,,,,,,,,,,,,,,,,,,,,,,,,,,,,,,,,,,,,,,,,,,,,,,,,,
CHRONIC LIVER DISEASE AND CIRRHOSIS,,,,,,,,,,,,,EAST,9.0,204,26.2791437636629,20.2296020004971,8,133,34.8193061271507,27.8779353402234,10,71,18.0061829681798,13.2329680559632,,,,,,,,,,,,,,,,,,,,,,,,,,,,,,,,,,,,,,,,,,,,,,,,,,,,,,,,,,,,,,,,,,,,,,,,,,,,,,,,,,,,,,,,,,,,,,,,,,,,,,,,,,,,,,,,,,,,,,,,,,,,,,,,,,,,
SUICIDE,,,,,,,,,,,,,EAST,10.0,168,21.6416478053694,21.429839849952,9,123,32.2013131852597,32.5243562609067,13,45,11.4123694868745,10.3174819043018,,,,,,,,,,,,,,,,,,,,,,,,,,,,,,,,,,,,,,,,,,,,,,,,,,,,,,,,,,,,,,,,,,,,,,,,,,,,,,,,,,,,,,,,,,,,,,,,,,,,,,,,,,,,,,,,,,,,,,,,,,,,,,,,,,,,
"NEPHRITIS, NEPHROTIC SYNDROME, NEPHROSIS",,,,,,,,,,,,,EAST,11.0,156,20.0958158192716,14.2804000017472,11,82,21.4675421235064,17.2595722751994,9,74,18.7670076006381,12.0667852487974,,,,,,,,,,,,,,,,,,,,,,,,,,,,,,,,,,,,,,,,,,,,,,,,,,,,,,,,,,,,,,,,,,,,,,,,,,,,,,,,,,,,,,,,,,,,,,,,,,,,,,,,,,,,,,,,,,,,,,,,,,,,,,,,,,,,
DISEASES OF HEART,,,,,,,,,,,,,HAMILTON,,,,,,,,,,,,,1.0,978,265.90249154441,198.255244931149,1,551,310.336864752829,267.913357427582,1,427,224.435625870542,144.666005713304,,,,,,,,,,,,,,,,,,,,,,,,,,,,,,,,,,,,,,,,,,,,,,,,,,,,,,,,,,,,,,,,,,,,,,,,,,,,,,,,,,,,,,,,,,,,,,,,,,,,,,,,,,,,,,,,,,,,,,,,
MALIGNANT NEOPLASMS,,,,,,,,,,,,,HAMILTON,,,,,,,,,,,,,2.0,725,197.115855183739,146.709290669772,2,386,217.404772766954,176.64120397036,2,339,178.181913747339,123.310191866704,,,,,,,,,,,,,,,,,,,,,,,,,,,,,,,,,,,,,,,,,,,,,,,,,,,,,,,,,,,,,,,,,,,,,,,,,,,,,,,,,,,,,,,,,,,,,,,,,,,,,,,,,,,,,,,,,,,,,,,,
CHRONIC LOWER RESPIRATORY DISEASES,,,,,,,,,,,,,HAMILTON,,,,,,,,,,,,,3.0,310,84.284020837185,61.0514518154414,4,144,81.1043711876721,67.6621104097985,3,166,87.2513205960422,58.3093968888546,,,,,,,,,,,,,,,,,,,,,,,,,,,,,,,,,,,,,,,,,,,,,,,,,,,,,,,,,,,,,,,,,,,,,,,,,,,,,,,,,,,,,,,,,,,,,,,,,,,,,,,,,,,,,,,,,,,,,,,,
ACCIDENTS AND ADVERSE EFFECTS,,,,,,,,,,,,,HAMILTON,,,,,,,,,,,,,4.0,237,64.4364933497189,59.3722159150777,3,166,93.4953167857887,88.1674936553024,6,71,37.3183359175843,33.7765071863077,,,,,,,,,,,,,,,,,,,,,,,,,,,,,,,,,,,,,,,,,,,,,,,,,,,,,,,,,,,,,,,,,,,,,,,,,,,,,,,,,,,,,,,,,,,,,,,,,,,,,,,,,,,,,,,,,,,,,,,,
ALZHEIMER'S DISEASE,,,,,,,,,,,,,HAMILTON,,,,,,,,,,,,,5.0,216,58.726930647845,43.3549743810437,6,75,42.2418599935792,40.5154615167014,4,141,74.1110614701322,44.8928500768213,,,,,,,,,,,,,,,,,,,,,,,,,,,,,,,,,,,,,,,,,,,,,,,,,,,,,,,,,,,,,,,,,,,,,,,,,,,,,,,,,,,,,,,,,,,,,,,,,,,,,,,,,,,,,,,,,,,,,,,,
CEREBROVASCULAR DISEASE,,,,,,,,,,,,,HAMILTON,,,,,,,,,,,,,6.0,193,52.4736000696023,37.76290070006,5,86,48.4373327926375,41.8681124671863,5,107,56.2403090588946,34.6955506931238,,,,,,,,,,,,,,,,,,,,,,,,,,,,,,,,,,,,,,,,,,,,,,,,,,,,,,,,,,,,,,,,,,,,,,,,,,,,,,,,,,,,,,,,,,,,,,,,,,,,,,,,,,,,,,,,,,,,,,,,
DIABETES MELLITUS,,,,,,,,,,,,,HAMILTON,,,,,,,,,,,,,7.0,111,30.1791171384759,23.9832790072845,7,54,30.4141391953771,25.2829257305067,7,57,29.9597908070747,22.3325213546383,,,,,,,,,,,,,,,,,,,,,,,,,,,,,,,,,,,,,,,,,,,,,,,,,,,,,,,,,,,,,,,,,,,,,,,,,,,,,,,,,,,,,,,,,,,,,,,,,,,,,,,,,,,,,,,,,,,,,,,,
SUICIDE,,,,,,,,,,,,,HAMILTON,,,,,,,,,,,,,8.0,61,16.5849202292525,16.0704901711091,8,50,28.1612399957195,27.2169091007049,16,11,5.78171401540038,5.64872302633178,,,,,,,,,,,,,,,,,,,,,,,,,,,,,,,,,,,,,,,,,,,,,,,,,,,,,,,,,,,,,,,,,,,,,,,,,,,,,,,,,,,,,,,,,,,,,,,,,,,,,,,,,,,,,,,,,,,,,,,,
PARKINSON'S DISEASE,,,,,,,,,,,,,HAMILTON,,,,,,,,,,,,,9.0,59,16.0411523528836,12.2623683091067,9,33,18.5864183971749,17.416253699029,10,26,13.6658694909464,8.54405111943142,,,,,,,,,,,,,,,,,,,,,,,,,,,,,,,,,,,,,,,,,,,,,,,,,,,,,,,,,,,,,,,,,,,,,,,,,,,,,,,,,,,,,,,,,,,,,,,,,,,,,,,,,,,,,,,,,,,,,,,,
CHRONIC LIVER DISEASE AND CIRRHOSIS,,,,,,,,,,,,,HAMILTON,,,,,,,,,,,,,10.0,53,14.4098487237768,11.8582352872838,10,32,18.0231935972605,15.7160303555917,11,21,11.0378176657644,8.44370787855579,,,,,,,,,,,,,,,,,,,,,,,,,,,,,,,,,,,,,,,,,,,,,,,,,,,,,,,,,,,,,,,,,,,,,,,,,,,,,,,,,,,,,,,,,,,,,,,,,,,,,,,,,,,,,,,,,,,,,,,,
HYPERTENSION AND RENAL DISEASE,,,,,,,,,,,,,HAMILTON,,,,,,,,,,,,,11.0,51,13.8660808474079,10.0211052724833,13,19,10.7012711983734,8.72426050830024,8,32,16.8195316811648,11.4892070185768,,,,,,,,,,,,,,,,,,,,,,,,,,,,,,,,,,,,,,,,,,,,,,,,,,,,,,,,,,,,,,,,,,,,,,,,,,,,,,,,,,,,,,,,,,,,,,,,,,,,,,,,,,,,,,,,,,,,,,,,
PNEUMONIA AND INFLUENZA,,,,,,,,,,,,,HAMILTON,,,,,,,,,,,,,13.0,41,11.1472414655632,9.18041072465664,15,13,7.32192239888707,6.91920842948929,9,28,14.7170902210192,10.4924012830273,,,,,,,,,,,,,,,,,,,,,,,,,,,,,,,,,,,,,,,,,,,,,,,,,,,,,,,,,,,,,,,,,,,,,,,,,,,,,,,,,,,,,,,,,,,,,,,,,,,,,,,,,,,,,,,,,,,,,,,,
DISEASES OF HEART,,,,,,,,,,,,,KNOX,,,,,,,,,,,,,,,,,,,,,,,,,1.0,1000,212.627071253458,179.892605182807,1,545,238.276365607758,231.567030468467,1,455,188.342626282696,139.764561092994,,,,,,,,,,,,,,,,,,,,,,,,,,,,,,,,,,,,,,,,,,,,,,,,,,,,,,,,,,,,,,,,,,,,,,,,,,,,,,,,,,,,,,,,,,,,,,,,,,,,,,,,,,,,
MALIGNANT NEOPLASMS,,,,,,,,,,,,,KNOX,,,,,,,,,,,,,,,,,,,,,,,,,2.0,883,187.749703916803,153.789040224512,2,471,205.92324440597,187.672616140712,2,412,170.543213249386,129.130283039985,,,,,,,,,,,,,,,,,,,,,,,,,,,,,,,,,,,,,,,,,,,,,,,,,,,,,,,,,,,,,,,,,,,,,,,,,,,,,,,,,,,,,,,,,,,,,,,,,,,,,,,,,,,,
ACCIDENTS AND ADVERSE EFFECTS,,,,,,,,,,,,,KNOX,,,,,,,,,,,,,,,,,,,,,,,,,3.0,428,91.00438649648,87.3296644597707,3,277,121.10560233642,122.560124583966,4,151,62.5049155355761,56.8930322996094,,,,,,,,,,,,,,,,,,,,,,,,,,,,,,,,,,,,,,,,,,,,,,,,,,,,,,,,,,,,,,,,,,,,,,,,,,,,,,,,,,,,,,,,,,,,,,,,,,,,,,,,,,,,
CHRONIC LOWER RESPIRATORY DISEASES,,,,,,,,,,,,,KNOX,,,,,,,,,,,,,,,,,,,,,,,,,4.0,261,55.4956655971525,45.2326816062765,4,120,52.4645208677632,49.6040971421573,5,141,58.3655171557366,42.5700164833096,,,,,,,,,,,,,,,,,,,,,,,,,,,,,,,,,,,,,,,,,,,,,,,,,,,,,,,,,,,,,,,,,,,,,,,,,,,,,,,,,,,,,,,,,,,,,,,,,,,,,,,,,,,,
ALZHEIMER'S DISEASE,,,,,,,,,,,,,KNOX,,,,,,,,,,,,,,,,,,,,,,,,,5.0,208,44.2264308207192,38.3039173520083,9,44,19.2369909848465,20.6314259123246,3,164,67.8861334293674,48.1490872021287,,,,,,,,,,,,,,,,,,,,,,,,,,,,,,,,,,,,,,,,,,,,,,,,,,,,,,,,,,,,,,,,,,,,,,,,,,,,,,,,,,,,,,,,,,,,,,,,,,,,,,,,,,,,
CEREBROVASCULAR DISEASE,,,,,,,,,,,,,KNOX,,,,,,,,,,,,,,,,,,,,,,,,,6.0,204,43.3759225357054,37.0742588698584,6,78,34.1019385640461,33.4962049338358,6,126,52.1564195859774,37.8488100359421,,,,,,,,,,,,,,,,,,,,,,,,,,,,,,,,,,,,,,,,,,,,,,,,,,,,,,,,,,,,,,,,,,,,,,,,,,,,,,,,,,,,,,,,,,,,,,,,,,,,,,,,,,,,
DIABETES MELLITUS,,,,,,,,,,,,,KNOX,,,,,,,,,,,,,,,,,,,,,,,,,7.0,172,36.5718562555947,31.1994326241239,5,97,42.4088210347752,41.0550261282099,7,75,31.0454878487961,24.0094346312965,,,,,,,,,,,,,,,,,,,,,,,,,,,,,,,,,,,,,,,,,,,,,,,,,,,,,,,,,,,,,,,,,,,,,,,,,,,,,,,,,,,,,,,,,,,,,,,,,,,,,,,,,,,,
CHRONIC LIVER DISEASE AND CIRRHOSIS,,,,,,,,,,,,,KNOX,,,,,,,,,,,,,,,,,,,,,,,,,8.0,84,17.8606739852905,15.1077447461032,8,49,21.42301268767,18.2114328919407,9,35,14.4878943294382,12.4119721170453,,,,,,,,,,,,,,,,,,,,,,,,,,,,,,,,,,,,,,,,,,,,,,,,,,,,,,,,,,,,,,,,,,,,,,,,,,,,,,,,,,,,,,,,,,,,,,,,,,,,,,,,,,,,
PNEUMONIA AND INFLUENZA,,,,,,,,,,,,,KNOX,,,,,,,,,,,,,,,,,,,,,,,,,9.0,82,17.4354198427835,15.2344719925933,10,43,18.7997866442818,19.1359134947591,8,39,16.143653681374,12.7114329414405,,,,,,,,,,,,,,,,,,,,,,,,,,,,,,,,,,,,,,,,,,,,,,,,,,,,,,,,,,,,,,,,,,,,,,,,,,,,,,,,,,,,,,,,,,,,,,,,,,,,,,,,,,,,
SUICIDE,,,,,,,,,,,,,KNOX,,,,,,,,,,,,,,,,,,,,,,,,,9.0,82,17.4354198427835,16.9898518904724,7,63,27.5438734555757,27.5160368937314,15,19,7.864856921695,7.55863836619669,,,,,,,,,,,,,,,,,,,,,,,,,,,,,,,,,,,,,,,,,,,,,,,,,,,,,,,,,,,,,,,,,,,,,,,,,,,,,,,,,,,,,,,,,,,,,,,,,,,,,,,,,,,,
HYPERTENSION AND RENAL DISEASE,,,,,,,,,,,,,KNOX,,,,,,,,,,,,,,,,,,,,,,,,,13.0,53,11.2692347764333,9.46474745398763,14,22,9.61849549242325,8.74278127418934,10,31,12.8321349775024,8.81708172284417,,,,,,,,,,,,,,,,,,,,,,,,,,,,,,,,,,,,,,,,,,,,,,,,,,,,,,,,,,,,,,,,,,,,,,,,,,,,,,,,,,,,,,,,,,,,,,,,,,,,,,,,,,,,
DISEASES OF HEART,,,,,,,,,,,,,MADISON,,,,,,,,,,,,,,,,,,,,,,,,,,,,,,,,,,,,,1.0,266,271.48120553985,213.360114808668,1,147,316.714784332314,277.733745289404,1,119,230.767739057925,161.349112208323,,,,,,,,,,,,,,,,,,,,,,,,,,,,,,,,,,,,,,,,,,,,,,,,,,,,,,,,,,,,,,,,,,,,,,,,,,,,,,,,,,,,,,,,,,,,,,,,
MALIGNANT NEOPLASMS,,,,,,,,,,,,,MADISON,,,,,,,,,,,,,,,,,,,,,,,,,,,,,,,,,,,,,2.0,213,217.389085639052,167.787477348128,2,114,245.615547033223,205.425110051081,2,99,191.98324509861,139.420257464187,,,,,,,,,,,,,,,,,,,,,,,,,,,,,,,,,,,,,,,,,,,,,,,,,,,,,,,,,,,,,,,,,,,,,,,,,,,,,,,,,,,,,,,,,,,,,,,,
CEREBROVASCULAR DISEASE,,,,,,,,,,,,,MADISON,,,,,,,,,,,,,,,,,,,,,,,,,,,,,,,,,,,,,3.0,57,58.1745440442535,45.0029718215539,5,26,56.017580902314,50.5807072568137,3,31,60.1159656369384,41.1345921473845,,,,,,,,,,,,,,,,,,,,,,,,,,,,,,,,,,,,,,,,,,,,,,,,,,,,,,,,,,,,,,,,,,,,,,,,,,,,,,,,,,,,,,,,,,,,,,,,
CHRONIC LOWER RESPIRATORY DISEASES,,,,,,,,,,,,,MADISON,,,,,,,,,,,,,,,,,,,,,,,,,,,,,,,,,,,,,4.0,50,51.0303017932048,39.4316493449586,3,28,60.3266255871073,53.4071918650316,4,22,42.6629433552466,31.1135183822095,,,,,,,,,,,,,,,,,,,,,,,,,,,,,,,,,,,,,,,,,,,,,,,,,,,,,,,,,,,,,,,,,,,,,,,,,,,,,,,,,,,,,,,,,,,,,,,,
ACCIDENTS AND ADVERSE EFFECTS,,,,,,,,,,,,,MADISON,,,,,,,,,,,,,,,,,,,,,,,,,,,,,,,,,,,,,5.0,49,50.0096957573407,48.1657817765453,3,28,60.3266255871073,59.5632843456188,5,21,40.7237186572808,39.5096165967342,,,,,,,,,,,,,,,,,,,,,,,,,,,,,,,,,,,,,,,,,,,,,,,,,,,,,,,,,,,,,,,,,,,,,,,,,,,,,,,,,,,,,,,,,,,,,,,,
ALZHEIMER'S DISEASE,,,,,,,,,,,,,MADISON,,,,,,,,,,,,,,,,,,,,,,,,,,,,,,,,,,,,,6.0,30,30.6181810759229,24.3130426584392,8,11,23.6997457663636,22.3362151676348,6,19,36.8452692613493,24.3726157584629,,,,,,,,,,,,,,,,,,,,,,,,,,,,,,,,,,,,,,,,,,,,,,,,,,,,,,,,,,,,,,,,,,,,,,,,,,,,,,,,,,,,,,,,,,,,,,,,
DIABETES MELLITUS,,,,,,,,,,,,,MADISON,,,,,,,,,,,,,,,,,,,,,,,,,,,,,,,,,,,,,6.0,30,30.6181810759229,22.8088378286156,6,17,36.6268798207437,30.976555568294,8,13,25.2099210735548,17.3244279637631,,,,,,,,,,,,,,,,,,,,,,,,,,,,,,,,,,,,,,,,,,,,,,,,,,,,,,,,,,,,,,,,,,,,,,,,,,,,,,,,,,,,,,,,,,,,,,,,
"NEPHRITIS, NEPHROTIC SYNDROME, NEPHROSIS",,,,,,,,,,,,,MADISON,,,,,,,,,,,,,,,,,,,,,,,,,,,,,,,,,,,,,8.0,26,26.5357569324665,20.4310004388977,9,10,21.5452234239669,19.1794739368688,7,16,31.0275951674521,21.00967974256,,,,,,,,,,,,,,,,,,,,,,,,,,,,,,,,,,,,,,,,,,,,,,,,,,,,,,,,,,,,,,,,,,,,,,,,,,,,,,,,,,,,,,,,,,,,,,,,
ASSAULT (HOMICIDE),,,,,,,,,,,,,MADISON,,,,,,,,,,,,,,,,,,,,,,,,,,,,,,,,,,,,,9.0,17,17.3503026096896,18.6809292120332,7,*,*,*,22,*,*,*,,,,,,,,,,,,,,,,,,,,,,,,,,,,,,,,,,,,,,,,,,,,,,,,,,,,,,,,,,,,,,,,,,,,,,,,,,,,,,,,,,,,,,,,,,,,,,,,
PNEUMONIA AND INFLUENZA,,,,,,,,,,,,,MADISON,,,,,,,,,,,,,,,,,,,,,,,,,,,,,,,,,,,,,10.0,16,16.3296965738255,12.3117969907614,10,*,*,*,10,*,*,*,,,,,,,,,,,,,,,,,,,,,,,,,,,,,,,,,,,,,,,,,,,,,,,,,,,,,,,,,,,,,,,,,,,,,,,,,,,,,,,,,,,,,,,,,,,,,,,,
CHRONIC LIVER DISEASE AND CIRRHOSIS,,,,,,,,,,,,,MADISON,,,,,,,,,,,,,,,,,,,,,,,,,,,,,,,,,,,,,11.0,14,14.2884845020973,10.8318592527694,13,*,*,*,9,*,*,*,,,,,,,,,,,,,,,,,,,,,,,,,,,,,,,,,,,,,,,,,,,,,,,,,,,,,,,,,,,,,,,,,,,,,,,,,,,,,,,,,,,,,,,,,,,,,,,,
PNEUMONITIS DUE TO SOLIDS AND LIQUIDS,,,,,,,,,,,,,MADISON,,,,,,,,,,,,,,,,,,,,,,,,,,,,,,,,,,,,,13.0,13,13.2678784662332,9.52419073093898,13,*,*,*,10,*,*,*,,,,,,,,,,,,,,,,,,,,,,,,,,,,,,,,,,,,,,,,,,,,,,,,,,,,,,,,,,,,,,,,,,,,,,,,,,,,,,,,,,,,,,,,,,,,,,,,
PARKINSON'S DISEASE,,,,,,,,,,,,,MADISON,,,,,,,,,,,,,,,,,,,,,,,,,,,,,,,,,,,,,16.0,*,*,*,21,*,*,*,10,*,*,*,,,,,,,,,,,,,,,,,,,,,,,,,,,,,,,,,,,,,,,,,,,,,,,,,,,,,,,,,,,,,,,,,,,,,,,,,,,,,,,,,,,,,,,,,,,,,,,,
DISEASES OF HEART,,,,,,,,,,,,,MID-CUMBERLAND,,,,,,,,,,,,,,,,,,,,,,,,,,,,,,,,,,,,,,,,,,,,,,,,,1.0,2222,166.583824575687,173.114086470768,1,1230,186.984083549961,218.125340976403,2,992,146.734057832744,136.649906824455,,,,,,,,,,,,,,,,,,,,,,,,,,,,,,,,,,,,,,,,,,,,,,,,,,,,,,,,,,,,,,,,,,,,,,,,,,,,,,,,,,,,
MALIGNANT NEOPLASMS,,,,,,,,,,,,,MID-CUMBERLAND,,,,,,,,,,,,,,,,,,,,,,,,,,,,,,,,,,,,,,,,,,,,,,,,,2.0,2190,164.1847775971,157.952965180721,2,1169,177.710889162524,191.00569331253,1,1021,151.023662345999,133.536951874206,,,,,,,,,,,,,,,,,,,,,,,,,,,,,,,,,,,,,,,,,,,,,,,,,,,,,,,,,,,,,,,,,,,,,,,,,,,,,,,,,,,,
ACCIDENTS AND ADVERSE EFFECTS,,,,,,,,,,,,,MID-CUMBERLAND,,,,,,,,,,,,,,,,,,,,,,,,,,,,,,,,,,,,,,,,,,,,,,,,,3.0,814,61.025757517826,62.5597136718255,3,532,80.8744166248613,85.4363050152317,6,282,41.7127059564857,41.5135417550387,,,,,,,,,,,,,,,,,,,,,,,,,,,,,,,,,,,,,,,,,,,,,,,,,,,,,,,,,,,,,,,,,,,,,,,,,,,,,,,,,,,,
CHRONIC LOWER RESPIRATORY DISEASES,,,,,,,,,,,,,MID-CUMBERLAND,,,,,,,,,,,,,,,,,,,,,,,,,,,,,,,,,,,,,,,,,,,,,,,,,4.0,664,49.7802248056959,50.2365499900013,4,326,49.5583831197458,55.3956385532544,4,338,49.9960801889793,46.0824815808223,,,,,,,,,,,,,,,,,,,,,,,,,,,,,,,,,,,,,,,,,,,,,,,,,,,,,,,,,,,,,,,,,,,,,,,,,,,,,,,,,,,,
ALZHEIMER'S DISEASE,,,,,,,,,,,,,MID-CUMBERLAND,,,,,,,,,,,,,,,,,,,,,,,,,,,,,,,,,,,,,,,,,,,,,,,,,5.0,566,42.4331434337709,49.1939636384351,6,188,28.5796810629209,40.8807670527343,3,378,55.9127760693318,54.3735896502468,,,,,,,,,,,,,,,,,,,,,,,,,,,,,,,,,,,,,,,,,,,,,,,,,,,,,,,,,,,,,,,,,,,,,,,,,,,,,,,,,,,,
CEREBROVASCULAR DISEASE,,,,,,,,,,,,,MID-CUMBERLAND,,,,,,,,,,,,,,,,,,,,,,,,,,,,,,,,,,,,,,,,,,,,,,,,,6.0,548,41.0836795083153,43.9723289241666,5,231,35.1165230081635,42.2962957724716,5,317,46.8898148517942,44.4591753625528,,,,,,,,,,,,,,,,,,,,,,,,,,,,,,,,,,,,,,,,,,,,,,,,,,,,,,,,,,,,,,,,,,,,,,,,,,,,,,,,,,,,
DIABETES MELLITUS,,,,,,,,,,,,,MID-CUMBERLAND,,,,,,,,,,,,,,,,,,,,,,,,,,,,,,,,,,,,,,,,,,,,,,,,,7.0,259,19.4172864829447,19.0683640006867,8,146,22.1948586978003,23.9914290059649,7,113,16.714665861996,15.2856891998279,,,,,,,,,,,,,,,,,,,,,,,,,,,,,,,,,,,,,,,,,,,,,,,,,,,,,,,,,,,,,,,,,,,,,,,,,,,,,,,,,,,,
SUICIDE,,,,,,,,,,,,,MID-CUMBERLAND,,,,,,,,,,,,,,,,,,,,,,,,,,,,,,,,,,,,,,,,,,,,,,,,,8.0,221,16.5684181958717,16.5146689419673,7,171,25.9953482008483,26.0834522051275,14,50,7.39586985044072,7.56933290004211,,,,,,,,,,,,,,,,,,,,,,,,,,,,,,,,,,,,,,,,,,,,,,,,,,,,,,,,,,,,,,,,,,,,,,,,,,,,,,,,,,,,
CHRONIC LIVER DISEASE AND CIRRHOSIS,,,,,,,,,,,,,MID-CUMBERLAND,,,,,,,,,,,,,,,,,,,,,,,,,,,,,,,,,,,,,,,,,,,,,,,,,9.0,171,12.8199072918283,11.6922466949134,9,105,15.9620559128016,14.8481606859307,10,66,9.76254820258175,8.80338878947891,,,,,,,,,,,,,,,,,,,,,,,,,,,,,,,,,,,,,,,,,,,,,,,,,,,,,,,,,,,,,,,,,,,,,,,,,,,,,,,,,,,,
PNEUMONIA AND INFLUENZA,,,,,,,,,,,,,MID-CUMBERLAND,,,,,,,,,,,,,,,,,,,,,,,,,,,,,,,,,,,,,,,,,,,,,,,,,10.0,167,12.5200264195049,13.3326648442949,11,86,13.0736838904851,16.0496879773223,8,81,11.981309157714,11.3740025544035,,,,,,,,,,,,,,,,,,,,,,,,,,,,,,,,,,,,,,,,,,,,,,,,,,,,,,,,,,,,,,,,,,,,,,,,,,,,,,,,,,,,
PARKINSON'S DISEASE,,,,,,,,,,,,,MID-CUMBERLAND,,,,,,,,,,,,,,,,,,,,,,,,,,,,,,,,,,,,,,,,,,,,,,,,,11.0,148,11.0955922759684,12.3635458844977,10,94,14.2898405314605,19.2213531864398,13,54,7.98753943847598,7.66248371739243,,,,,,,,,,,,,,,,,,,,,,,,,,,,,,,,,,,,,,,,,,,,,,,,,,,,,,,,,,,,,,,,,,,,,,,,,,,,,,,,,,,,
HYPERTENSION AND RENAL DISEASE,,,,,,,,,,,,,MID-CUMBERLAND,,,,,,,,,,,,,,,,,,,,,,,,,,,,,,,,,,,,,,,,,,,,,,,,,13.0,117,8.77151551546148,9.15376343972784,14,49,7.44895942597407,8.54315798254504,9,68,10.0583829965994,9.46998393941758,,,,,,,,,,,,,,,,,,,,,,,,,,,,,,,,,,,,,,,,,,,,,,,,,,,,,,,,,,,,,,,,,,,,,,,,,,,,,,,,,,,,
SEPTICEMIA,,,,,,,,,,,,,MID-CUMBERLAND,,,,,,,,,,,,,,,,,,,,,,,,,,,,,,,,,,,,,,,,,,,,,,,,,14.0,110,8.24672398889541,8.08013270496501,15,44,6.68886152536447,7.18525120990824,10,66,9.76254820258175,8.71119271222068,,,,,,,,,,,,,,,,,,,,,,,,,,,,,,,,,,,,,,,,,,,,,,,,,,,,,,,,,,,,,,,,,,,,,,,,,,,,,,,,,,,,
DISEASES OF HEART,,,,,,,,,,,,,NORTHEAST,,,,,,,,,,,,,,,,,,,,,,,,,,,,,,,,,,,,,,,,,,,,,,,,,,,,,,,,,,,,,1.0,1151,325.272638382171,221.690237280838,1,654,374.952700920755,278.423380482574,1,497,276.980522194667,172.264279338666,,,,,,,,,,,,,,,,,,,,,,,,,,,,,,,,,,,,,,,,,,,,,,,,,,,,,,,,,,,,,,,,,,,,,,,,
MALIGNANT NEOPLASMS,,,,,,,,,,,,,NORTHEAST,,,,,,,,,,,,,,,,,,,,,,,,,,,,,,,,,,,,,,,,,,,,,,,,,,,,,,,,,,,,,2.0,994,280.904433146723,184.195707355306,2,545,312.460584100629,220.803454125783,2,449,250.229888260373,153.619040428757,,,,,,,,,,,,,,,,,,,,,,,,,,,,,,,,,,,,,,,,,,,,,,,,,,,,,,,,,,,,,,,,,,,,,,,,
CHRONIC LOWER RESPIRATORY DISEASES,,,,,,,,,,,,,NORTHEAST,,,,,,,,,,,,,,,,,,,,,,,,,,,,,,,,,,,,,,,,,,,,,,,,,,,,,,,,,,,,,3.0,363,102.58381210489,68.1094457698499,4,169,96.8914471798282,68.2332026534011,3,194,108.117145484437,68.3427103251529,,,,,,,,,,,,,,,,,,,,,,,,,,,,,,,,,,,,,,,,,,,,,,,,,,,,,,,,,,,,,,,,,,,,,,,,
ACCIDENTS AND ADVERSE EFFECTS,,,,,,,,,,,,,NORTHEAST,,,,,,,,,,,,,,,,,,,,,,,,,,,,,,,,,,,,,,,,,,,,,,,,,,,,,,,,,,,,,4.0,284,80.2584094704923,70.7159929733421,3,171,98.0380915251516,88.396770838389,4,113,62.9754507203166,54.4319395967421,,,,,,,,,,,,,,,,,,,,,,,,,,,,,,,,,,,,,,,,,,,,,,,,,,,,,,,,,,,,,,,,,,,,,,,,
CEREBROVASCULAR DISEASE,,,,,,,,,,,,,NORTHEAST,,,,,,,,,,,,,,,,,,,,,,,,,,,,,,,,,,,,,,,,,,,,,,,,,,,,,,,,,,,,,5.0,184,51.9984061358119,35.2180702457652,5,85,48.732384676245,36.4723631712056,5,99,55.1731824894809,33.6631751335287,,,,,,,,,,,,,,,,,,,,,,,,,,,,,,,,,,,,,,,,,,,,,,,,,,,,,,,,,,,,,,,,,,,,,,,,
DIABETES MELLITUS,,,,,,,,,,,,,NORTHEAST,,,,,,,,,,,,,,,,,,,,,,,,,,,,,,,,,,,,,,,,,,,,,,,,,,,,,,,,,,,,,6.0,130,36.7380043350845,24.8612411080199,6,83,47.5857403309216,34.5502079189729,8,47,26.1933290606626,16.166203937685,,,,,,,,,,,,,,,,,,,,,,,,,,,,,,,,,,,,,,,,,,,,,,,,,,,,,,,,,,,,,,,,,,,,,,,,
PNEUMONIA AND INFLUENZA,,,,,,,,,,,,,NORTHEAST,,,,,,,,,,,,,,,,,,,,,,,,,,,,,,,,,,,,,,,,,,,,,,,,,,,,,,,,,,,,,7.0,119,33.6294039682697,23.1113151053008,9,55,31.5327194963938,24.0809986354269,7,64,35.6675119123917,22.2000469445826,,,,,,,,,,,,,,,,,,,,,,,,,,,,,,,,,,,,,,,,,,,,,,,,,,,,,,,,,,,,,,,,,,,,,,,,
ALZHEIMER'S DISEASE,,,,,,,,,,,,,NORTHEAST,,,,,,,,,,,,,,,,,,,,,,,,,,,,,,,,,,,,,,,,,,,,,,,,,,,,,,,,,,,,,8.0,96,27.1296032012932,18.6403456972715,12,30,17.1996651798512,14.2064244252291,6,66,36.7821216596539,21.4027231954934,,,,,,,,,,,,,,,,,,,,,,,,,,,,,,,,,,,,,,,,,,,,,,,,,,,,,,,,,,,,,,,,,,,,,,,,
CHRONIC LIVER DISEASE AND CIRRHOSIS,,,,,,,,,,,,,NORTHEAST,,,,,,,,,,,,,,,,,,,,,,,,,,,,,,,,,,,,,,,,,,,,,,,,,,,,,,,,,,,,,9.0,95,26.8470031679464,20.9000928925854,8,65,37.2659412230109,29.2995316091468,10,30,16.7191462089336,12.9205486468404,,,,,,,,,,,,,,,,,,,,,,,,,,,,,,,,,,,,,,,,,,,,,,,,,,,,,,,,,,,,,,,,,,,,,,,,
SUICIDE,,,,,,,,,,,,,NORTHEAST,,,,,,,,,,,,,,,,,,,,,,,,,,,,,,,,,,,,,,,,,,,,,,,,,,,,,,,,,,,,,10.0,90,25.4340030012124,22.5665394746826,7,74,42.4258407769662,38.1644432304948,15,16,8.91687797809792,7.24368704039703,,,,,,,,,,,,,,,,,,,,,,,,,,,,,,,,,,,,,,,,,,,,,,,,,,,,,,,,,,,,,,,,,,,,,,,,
"NEPHRITIS, NEPHROTIC SYNDROME, NEPHROSIS",,,,,,,,,,,,,NORTHEAST,,,,,,,,,,,,,,,,,,,,,,,,,,,,,,,,,,,,,,,,,,,,,,,,,,,,,,,,,,,,,11.0,83,23.4558027677847,16.3526923932913,10,41,23.5062090791299,18.5147531173667,9,42,23.406804692507,14.5906701350208,,,,,,,,,,,,,,,,,,,,,,,,,,,,,,,,,,,,,,,,,,,,,,,,,,,,,,,,,,,,,,,,,,,,,,,,
DISEASES OF HEART,,,,,,,,,,,,,SHELBY,,,,,,,,,,,,,,,,,,,,,,,,,,,,,,,,,,,,,,,,,,,,,,,,,,,,,,,,,,,,,,,,,,,,,,,,,1.0,2061,219.918349577343,207.510714276755,1,1127,253.465186208075,272.348195127622,1,934,189.633503813989,158.231811658954,,,,,,,,,,,,,,,,,,,,,,,,,,,,,,,,,,,,,,,,,,,,,,,,,,,,,,,,,,,,
MALIGNANT NEOPLASMS,,,,,,,,,,,,,SHELBY,,,,,,,,,,,,,,,,,,,,,,,,,,,,,,,,,,,,,,,,,,,,,,,,,,,,,,,,,,,,,,,,,,,,,,,,,2.0,1694,180.757731287733,166.21096229603,2,885,199.038766454434,207.161096445124,2,809,164.254287564793,139.2651408082,,,,,,,,,,,,,,,,,,,,,,,,,,,,,,,,,,,,,,,,,,,,,,,,,,,,,,,,,,,,
ACCIDENTS AND ADVERSE EFFECTS,,,,,,,,,,,,,SHELBY,,,,,,,,,,,,,,,,,,,,,,,,,,,,,,,,,,,,,,,,,,,,,,,,,,,,,,,,,,,,,,,,,,,,,,,,,3.0,576,61.4618968251089,61.0725237405731,3,377,84.7882654839791,87.8987998462087,5,199,40.4037122687192,37.2101002401205,,,,,,,,,,,,,,,,,,,,,,,,,,,,,,,,,,,,,,,,,,,,,,,,,,,,,,,,,,,,
CEREBROVASCULAR DISEASE,,,,,,,,,,,,,SHELBY,,,,,,,,,,,,,,,,,,,,,,,,,,,,,,,,,,,,,,,,,,,,,,,,,,,,,,,,,,,,,,,,,,,,,,,,,4.0,491,52.3919988561258,50.3942225155866,4,225,50.6030762172289,54.5632426105266,3,266,54.006972178288,45.8651867267893,,,,,,,,,,,,,,,,,,,,,,,,,,,,,,,,,,,,,,,,,,,,,,,,,,,,,,,,,,,,
CHRONIC LOWER RESPIRATORY DISEASES,,,,,,,,,,,,,SHELBY,,,,,,,,,,,,,,,,,,,,,,,,,,,,,,,,,,,,,,,,,,,,,,,,,,,,,,,,,,,,,,,,,,,,,,,,,5.0,319,34.0387935541836,31.9050230109057,6,140,31.4863585351646,35.494282494176,6,179,36.3430376688479,30.0541837992881,,,,,,,,,,,,,,,,,,,,,,,,,,,,,,,,,,,,,,,,,,,,,,,,,,,,,,,,,,,,
ALZHEIMER'S DISEASE,,,,,,,,,,,,,SHELBY,,,,,,,,,,,,,,,,,,,,,,,,,,,,,,,,,,,,,,,,,,,,,,,,,,,,,,,,,,,,,,,,,,,,,,,,,6.0,294,31.3711765044827,32.4290739646538,8,90,20.2412304868916,28.2651004993719,4,204,41.418880918687,34.4697472734003,,,,,,,,,,,,,,,,,,,,,,,,,,,,,,,,,,,,,,,,,,,,,,,,,,,,,,,,,,,,
DIABETES MELLITUS,,,,,,,,,,,,,SHELBY,,,,,,,,,,,,,,,,,,,,,,,,,,,,,,,,,,,,,,,,,,,,,,,,,,,,,,,,,,,,,,,,,,,,,,,,,7.0,240,25.6091236771287,23.6512077898574,7,127,28.5626252426136,29.6160575188335,7,113,22.9428114892727,19.2922838709813,,,,,,,,,,,,,,,,,,,,,,,,,,,,,,,,,,,,,,,,,,,,,,,,,,,,,,,,,,,,
ASSAULT (HOMICIDE),,,,,,,,,,,,,SHELBY,,,,,,,,,,,,,,,,,,,,,,,,,,,,,,,,,,,,,,,,,,,,,,,,,,,,,,,,,,,,,,,,,,,,,,,,,8.0,226,24.1152581292962,24.5676728604196,5,202,45.4303173150233,45.7386577372726,17,24,4.87280951984553,4.83521573850135,,,,,,,,,,,,,,,,,,,,,,,,,,,,,,,,,,,,,,,,,,,,,,,,,,,,,,,,,,,,
SEPTICEMIA,,,,,,,,,,,,,SHELBY,,,,,,,,,,,,,,,,,,,,,,,,,,,,,,,,,,,,,,,,,,,,,,,,,,,,,,,,,,,,,,,,,,,,,,,,,9.0,188,20.0604802137508,18.7013909359909,9,85,19.1167176820642,20.5218392091513,8,103,20.9124741893371,17.2919008973924,,,,,,,,,,,,,,,,,,,,,,,,,,,,,,,,,,,,,,,,,,,,,,,,,,,,,,,,,,,,
PNEUMONIA AND INFLUENZA,,,,,,,,,,,,,SHELBY,,,,,,,,,,,,,,,,,,,,,,,,,,,,,,,,,,,,,,,,,,,,,,,,,,,,,,,,,,,,,,,,,,,,,,,,,10.0,173,18.4599099839303,17.6614317984288,11,81,18.2171074382024,21.5372630206864,9,92,18.6791031594079,15.8556342495777,,,,,,,,,,,,,,,,,,,,,,,,,,,,,,,,,,,,,,,,,,,,,,,,,,,,,,,,,,,,
"NEPHRITIS, NEPHROTIC SYNDROME, NEPHROSIS",,,,,,,,,,,,,SHELBY,,,,,,,,,,,,,,,,,,,,,,,,,,,,,,,,,,,,,,,,,,,,,,,,,,,,,,,,,,,,,,,,,,,,,,,,,11.0,145,15.4721788882653,14.9711753553774,12,71,15.9680818285478,17.9365487617493,10,74,15.0244960195237,13.1981966741068,,,,,,,,,,,,,,,,,,,,,,,,,,,,,,,,,,,,,,,,,,,,,,,,,,,,,,,,,,,,
SUICIDE,,,,,,,,,,,,,SHELBY,,,,,,,,,,,,,,,,,,,,,,,,,,,,,,,,,,,,,,,,,,,,,,,,,,,,,,,,,,,,,,,,,,,,,,,,,13.0,110,11.737515018684,11.6928887504633,10,84,18.8918151210988,19.1451059694202,15,26,5.27887697983266,5.50954997362152,,,,,,,,,,,,,,,,,,,,,,,,,,,,,,,,,,,,,,,,,,,,,,,,,,,,,,,,,,,,
DISEASES OF HEART,,,,,,,,,,,,,SOUTH CENTRAL,,,,,,,,,,,,,,,,,,,,,,,,,,,,,,,,,,,,,,,,,,,,,,,,,,,,,,,,,,,,,,,,,,,,,,,,,,,,,,,,,,,,,1.0,1219,294.694293954536,234.177164763013,1,693,339.521142907536,304.794240736325,1,526,251.028453072951,175.704431737611,,,,,,,,,,,,,,,,,,,,,,,,,,,,,,,,,,,,,,,,,,,,,,,,
MALIGNANT NEOPLASMS,,,,,,,,,,,,,SOUTH CENTRAL,,,,,,,,,,,,,,,,,,,,,,,,,,,,,,,,,,,,,,,,,,,,,,,,,,,,,,,,,,,,,,,,,,,,,,,,,,,,,,,,,,,,,2.0,955,230.8720678643,173.092874915048,2,551,269.951154028935,222.575490444785,2,404,192.805123652989,135.999310301867,,,,,,,,,,,,,,,,,,,,,,,,,,,,,,,,,,,,,,,,,,,,,,,,
CHRONIC LOWER RESPIRATORY DISEASES,,,,,,,,,,,,,SOUTH CENTRAL,,,,,,,,,,,,,,,,,,,,,,,,,,,,,,,,,,,,,,,,,,,,,,,,,,,,,,,,,,,,,,,,,,,,,,,,,,,,,,,,,,,,,3.0,328,79.2942808999901,60.4976985315462,4,158,77.4088608649215,66.2877457976149,4,170,81.1308688638815,56.5338184544545,,,,,,,,,,,,,,,,,,,,,,,,,,,,,,,,,,,,,,,,,,,,,,,,
ACCIDENTS AND ADVERSE EFFECTS,,,,,,,,,,,,,SOUTH CENTRAL,,,,,,,,,,,,,,,,,,,,,,,,,,,,,,,,,,,,,,,,,,,,,,,,,,,,,,,,,,,,,,,,,,,,,,,,,,,,,,,,,,,,,4.0,314,75.9097689103564,72.1425560212088,3,194,95.0463228341442,95.4569748061796,6,120,57.2688486097987,49.5211690947297,,,,,,,,,,,,,,,,,,,,,,,,,,,,,,,,,,,,,,,,,,,,,,,,
ALZHEIMER'S DISEASE,,,,,,,,,,,,,SOUTH CENTRAL,,,,,,,,,,,,,,,,,,,,,,,,,,,,,,,,,,,,,,,,,,,,,,,,,,,,,,,,,,,,,,,,,,,,,,,,,,,,,,,,,,,,,5.0,280,67.6902397926745,56.1590336469305,7,82,40.174218929896,42.9728864821591,3,198,94.4936002061679,64.1110155531406,,,,,,,,,,,,,,,,,,,,,,,,,,,,,,,,,,,,,,,,,,,,,,,,
CEREBROVASCULAR DISEASE,,,,,,,,,,,,,SOUTH CENTRAL,,,,,,,,,,,,,,,,,,,,,,,,,,,,,,,,,,,,,,,,,,,,,,,,,,,,,,,,,,,,,,,,,,,,,,,,,,,,,,,,,,,,,6.0,232,56.0861986853588,44.3950676263395,5,106,51.9325269093777,46.5818560771217,5,126,60.1322910402886,41.6771565348932,,,,,,,,,,,,,,,,,,,,,,,,,,,,,,,,,,,,,,,,,,,,,,,,
DIABETES MELLITUS,,,,,,,,,,,,,SOUTH CENTRAL,,,,,,,,,,,,,,,,,,,,,,,,,,,,,,,,,,,,,,,,,,,,,,,,,,,,,,,,,,,,,,,,,,,,,,,,,,,,,,,,,,,,,7.0,142,34.3286216091421,26.5473315142437,6,83,40.6641484290411,33.9139155595257,7,59,28.1571838998177,20.1495157015838,,,,,,,,,,,,,,,,,,,,,,,,,,,,,,,,,,,,,,,,,,,,,,,,
PNEUMONIA AND INFLUENZA,,,,,,,,,,,,,SOUTH CENTRAL,,,,,,,,,,,,,,,,,,,,,,,,,,,,,,,,,,,,,,,,,,,,,,,,,,,,,,,,,,,,,,,,,,,,,,,,,,,,,,,,,,,,,8.0,95,22.9663313582288,18.560835826321,9,59,28.9058404495593,28.2745020446988,8,36,17.1806545829396,11.7192966176061,,,,,,,,,,,,,,,,,,,,,,,,,,,,,,,,,,,,,,,,,,,,,,,,
SUICIDE,,,,,,,,,,,,,SOUTH CENTRAL,,,,,,,,,,,,,,,,,,,,,,,,,,,,,,,,,,,,,,,,,,,,,,,,,,,,,,,,,,,,,,,,,,,,,,,,,,,,,,,,,,,,,9.0,86,20.7905736506072,19.6831618407182,8,70,34.2950649401551,32.6413336905749,15,16,7.63584648130649,7.62105599254354,,,,,,,,,,,,,,,,,,,,,,,,,,,,,,,,,,,,,,,,,,,,,,,,
CHRONIC LIVER DISEASE AND CIRRHOSIS,,,,,,,,,,,,,SOUTH CENTRAL,,,,,,,,,,,,,,,,,,,,,,,,,,,,,,,,,,,,,,,,,,,,,,,,,,,,,,,,,,,,,,,,,,,,,,,,,,,,,,,,,,,,,10.0,75,18.1313142301807,14.5526580895609,10,51,24.9864044563987,20.9236338008123,12,24,11.4537697219597,8.71850878914694,,,,,,,,,,,,,,,,,,,,,,,,,,,,,,,,,,,,,,,,,,,,,,,,
PARKINSON'S DISEASE,,,,,,,,,,,,,SOUTH CENTRAL,,,,,,,,,,,,,,,,,,,,,,,,,,,,,,,,,,,,,,,,,,,,,,,,,,,,,,,,,,,,,,,,,,,,,,,,,,,,,,,,,,,,,11.0,69,16.6808090917662,13.4855545113426,11,37,18.1273914683677,17.3639446755025,10,32,15.271692962613,10.5917156227564,,,,,,,,,,,,,,,,,,,,,,,,,,,,,,,,,,,,,,,,,,,,,,,,
"NEPHRITIS, NEPHROTIC SYNDROME, NEPHROSIS",,,,,,,,,,,,,SOUTH CENTRAL,,,,,,,,,,,,,,,,,,,,,,,,,,,,,,,,,,,,,,,,,,,,,,,,,,,,,,,,,,,,,,,,,,,,,,,,,,,,,,,,,,,,,12.0,60,14.5050513841445,11.3245593496812,12,26,12.7381669777719,11.539670008921,9,34,16.2261737727763,11.2021107981536,,,,,,,,,,,,,,,,,,,,,,,,,,,,,,,,,,,,,,,,,,,,,,,,
DISEASES OF HEART,,,,,,,,,,,,,SOUTHEAST,,,,,,,,,,,,,,,,,,,,,,,,,,,,,,,,,,,,,,,,,,,,,,,,,,,,,,,,,,,,,,,,,,,,,,,,,,,,,,,,,,,,,,,,,,,,,,,,,1.0,1111,327.758585593373,238.270665848312,1,644,384.117573378982,305.655568974272,1,467,272.602036051181,179.607427693525,,,,,,,,,,,,,,,,,,,,,,,,,,,,,,,,,,,,
MALIGNANT NEOPLASMS,,,,,,,,,,,,,SOUTHEAST,,,,,,,,,,,,,,,,,,,,,,,,,,,,,,,,,,,,,,,,,,,,,,,,,,,,,,,,,,,,,,,,,,,,,,,,,,,,,,,,,,,,,,,,,,,,,,,,,2.0,809,238.664892659801,171.245408701298,2,454,270.790960114997,209.513216744611,2,355,207.224245820491,140.719576418933,,,,,,,,,,,,,,,,,,,,,,,,,,,,,,,,,,,,
CHRONIC LOWER RESPIRATORY DISEASES,,,,,,,,,,,,,SOUTHEAST,,,,,,,,,,,,,,,,,,,,,,,,,,,,,,,,,,,,,,,,,,,,,,,,,,,,,,,,,,,,,,,,,,,,,,,,,,,,,,,,,,,,,,,,,,,,,,,,,3.0,308,90.8637663031133,63.6449696920557,4,139,82.9073644404946,64.5283453618628,3,169,98.6504156159522,62.9559906556982,,,,,,,,,,,,,,,,,,,,,,,,,,,,,,,,,,,,
ALZHEIMER'S DISEASE,,,,,,,,,,,,,SOUTHEAST,,,,,,,,,,,,,,,,,,,,,,,,,,,,,,,,,,,,,,,,,,,,,,,,,,,,,,,,,,,,,,,,,,,,,,,,,,,,,,,,,,,,,,,,,,,,,,,,,4.0,242,71.3929592381604,53.4318768764282,6,73,43.5412777277418,40.1496760520038,3,169,98.6504156159522,62.5817521257549,,,,,,,,,,,,,,,,,,,,,,,,,,,,,,,,,,,,
ACCIDENTS AND ADVERSE EFFECTS,,,,,,,,,,,,,SOUTHEAST,,,,,,,,,,,,,,,,,,,,,,,,,,,,,,,,,,,,,,,,,,,,,,,,,,,,,,,,,,,,,,,,,,,,,,,,,,,,,,,,,,,,,,,,,,,,,,,,,5.0,231,68.1478247273349,63.119800870929,3,143,85.2931878776311,81.2636240340496,6,88,51.3682637526852,45.9048487199471,,,,,,,,,,,,,,,,,,,,,,,,,,,,,,,,,,,,
CEREBROVASCULAR DISEASE,,,,,,,,,,,,,SOUTHEAST,,,,,,,,,,,,,,,,,,,,,,,,,,,,,,,,,,,,,,,,,,,,,,,,,,,,,,,,,,,,,,,,,,,,,,,,,,,,,,,,,,,,,,,,,,,,,,,,,6.0,174,51.3321277166939,38.0616088143488,5,78,46.5235570241624,39.3301052195476,5,96,56.0381059120202,36.2881288785512,,,,,,,,,,,,,,,,,,,,,,,,,,,,,,,,,,,,
DIABETES MELLITUS,,,,,,,,,,,,,SOUTHEAST,,,,,,,,,,,,,,,,,,,,,,,,,,,,,,,,,,,,,,,,,,,,,,,,,,,,,,,,,,,,,,,,,,,,,,,,,,,,,,,,,,,,,,,,,,,,,,,,,7.0,143,42.1867486407312,31.773231083429,7,72,42.9448218684576,35.6686602507746,7,71,41.4448491640983,28.1101213330206,,,,,,,,,,,,,,,,,,,,,,,,,,,,,,,,,,,,
SUICIDE,,,,,,,,,,,,,SOUTHEAST,,,,,,,,,,,,,,,,,,,,,,,,,,,,,,,,,,,,,,,,,,,,,,,,,,,,,,,,,,,,,,,,,,,,,,,,,,,,,,,,,,,,,,,,,,,,,,,,,8.0,67,19.7658192932097,20.471122433761,8,53,31.6121605420591,31.8071560114845,14,14,8.17222377883628,9.42003662224613,,,,,,,,,,,,,,,,,,,,,,,,,,,,,,,,,,,,
PNEUMONIA AND INFLUENZA,,,,,,,,,,,,,SOUTHEAST,,,,,,,,,,,,,,,,,,,,,,,,,,,,,,,,,,,,,,,,,,,,,,,,,,,,,,,,,,,,,,,,,,,,,,,,,,,,,,,,,,,,,,,,,,,,,,,,,9.0,65,19.175794836696,14.1644185933665,13,22,13.1220289042509,10.9696443107119,8,43,25.1004016064257,16.4634164634967,,,,,,,,,,,,,,,,,,,,,,,,,,,,,,,,,,,,
"NEPHRITIS, NEPHROTIC SYNDROME, NEPHROSIS",,,,,,,,,,,,,SOUTHEAST,,,,,,,,,,,,,,,,,,,,,,,,,,,,,,,,,,,,,,,,,,,,,,,,,,,,,,,,,,,,,,,,,,,,,,,,,,,,,,,,,,,,,,,,,,,,,,,,,10.0,59,17.4057214671548,12.6015938679349,10,35,20.8759550749447,16.4581947283976,9,24,14.009526478005,9.56653089966461,,,,,,,,,,,,,,,,,,,,,,,,,,,,,,,,,,,,
PARKINSON'S DISEASE,,,,,,,,,,,,,SOUTHEAST,,,,,,,,,,,,,,,,,,,,,,,,,,,,,,,,,,,,,,,,,,,,,,,,,,,,,,,,,,,,,,,,,,,,,,,,,,,,,,,,,,,,,,,,,,,,,,,,,10.0,59,17.4057214671548,12.7244303584463,10,35,20.8759550749447,18.2674334170045,9,24,14.009526478005,8.80030525704979,,,,,,,,,,,,,,,,,,,,,,,,,,,,,,,,,,,,
CHRONIC LIVER DISEASE AND CIRRHOSIS,,,,,,,,,,,,,SOUTHEAST,,,,,,,,,,,,,,,,,,,,,,,,,,,,,,,,,,,,,,,,,,,,,,,,,,,,,,,,,,,,,,,,,,,,,,,,,,,,,,,,,,,,,,,,,,,,,,,,,12.0,58,17.110709238898,13.9280511043055,9,38,22.6653226527971,20.2031067754891,11,20,11.6746053983375,7.61396161496085,,,,,,,,,,,,,,,,,,,,,,,,,,,,,,,,,,,,
DISEASES OF HEART,,,,,,,,,,,,,SULLIVAN,,,,,,,,,,,,,,,,,,,,,,,,,,,,,,,,,,,,,,,,,,,,,,,,,,,,,,,,,,,,,,,,,,,,,,,,,,,,,,,,,,,,,,,,,,,,,,,,,,,,,,,,,,,,,1.0,572,361.238821805689,229.908667581654,1,322,417.877906976744,299.616529361583,1,250,307.548469638815,171.957082704321,,,,,,,,,,,,,,,,,,,,,,,,
MALIGNANT NEOPLASMS,,,,,,,,,,,,,SULLIVAN,,,,,,,,,,,,,,,,,,,,,,,,,,,,,,,,,,,,,,,,,,,,,,,,,,,,,,,,,,,,,,,,,,,,,,,,,,,,,,,,,,,,,,,,,,,,,,,,,,,,,,,,,,,,,2.0,451,284.822917192947,180.71629340204,2,238,308.866279069767,213.831981002209,2,213,262.03129613227,157.553287467279,,,,,,,,,,,,,,,,,,,,,,,,
CHRONIC LOWER RESPIRATORY DISEASES,,,,,,,,,,,,,SULLIVAN,,,,,,,,,,,,,,,,,,,,,,,,,,,,,,,,,,,,,,,,,,,,,,,,,,,,,,,,,,,,,,,,,,,,,,,,,,,,,,,,,,,,,,,,,,,,,,,,,,,,,,,,,,,,,3.0,127,80.2051230232911,48.9404929656518,4,50,64.8878737541528,46.3745506430746,3,77,94.724928648755,52.2983878072303,,,,,,,,,,,,,,,,,,,,,,,,
ACCIDENTS AND ADVERSE EFFECTS,,,,,,,,,,,,,SULLIVAN,,,,,,,,,,,,,,,,,,,,,,,,,,,,,,,,,,,,,,,,,,,,,,,,,,,,,,,,,,,,,,,,,,,,,,,,,,,,,,,,,,,,,,,,,,,,,,,,,,,,,,,,,,,,,4.0,101,63.7851765775779,52.4212154776752,3,64,83.0564784053156,74.7542782880611,6,37,45.5171735065446,31.3137479307203,,,,,,,,,,,,,,,,,,,,,,,,
CEREBROVASCULAR DISEASE,,,,,,,,,,,,,SULLIVAN,,,,,,,,,,,,,,,,,,,,,,,,,,,,,,,,,,,,,,,,,,,,,,,,,,,,,,,,,,,,,,,,,,,,,,,,,,,,,,,,,,,,,,,,,,,,,,,,,,,,,,,,,,,,,5.0,96,60.6274945687869,36.6108790120513,5,46,59.6968438538206,42.7379590825977,5,50,61.509693927763,33.4420502364094,,,,,,,,,,,,,,,,,,,,,,,,
ALZHEIMER'S DISEASE,,,,,,,,,,,,,SULLIVAN,,,,,,,,,,,,,,,,,,,,,,,,,,,,,,,,,,,,,,,,,,,,,,,,,,,,,,,,,,,,,,,,,,,,,,,,,,,,,,,,,,,,,,,,,,,,,,,,,,,,,,,,,,,,,6.0,79,49.8913757388976,29.9903406189429,9,20,25.9551495016611,18.5720273825276,4,59,72.5814388347604,37.1557406861566,,,,,,,,,,,,,,,,,,,,,,,,
DIABETES MELLITUS,,,,,,,,,,,,,SULLIVAN,,,,,,,,,,,,,,,,,,,,,,,,,,,,,,,,,,,,,,,,,,,,,,,,,,,,,,,,,,,,,,,,,,,,,,,,,,,,,,,,,,,,,,,,,,,,,,,,,,,,,,,,,,,,,7.0,52,32.8398928914263,22.6751387064883,8,21,27.2529069767442,21.4022647639593,7,31,38.1360102352131,23.6529011544595,,,,,,,,,,,,,,,,,,,,,,,,
PNEUMONIA AND INFLUENZA,,,,,,,,,,,,,SULLIVAN,,,,,,,,,,,,,,,,,,,,,,,,,,,,,,,,,,,,,,,,,,,,,,,,,,,,,,,,,,,,,,,,,,,,,,,,,,,,,,,,,,,,,,,,,,,,,,,,,,,,,,,,,,,,,7.0,52,32.8398928914263,20.8217379724846,6,28,36.3372093023256,26.1488120110786,8,24,29.5246530853262,16.0829161662463,,,,,,,,,,,,,,,,,,,,,,,,
"NEPHRITIS, NEPHROTIC SYNDROME, NEPHROSIS",,,,,,,,,,,,,SULLIVAN,,,,,,,,,,,,,,,,,,,,,,,,,,,,,,,,,,,,,,,,,,,,,,,,,,,,,,,,,,,,,,,,,,,,,,,,,,,,,,,,,,,,,,,,,,,,,,,,,,,,,,,,,,,,,9.0,39,24.6299196685697,14.953704148131,11,16,20.7641196013289,14.3216600743992,9,23,28.294459206771,15.1042409334965,,,,,,,,,,,,,,,,,,,,,,,,
SUICIDE,,,,,,,,,,,,,SULLIVAN,,,,,,,,,,,,,,,,,,,,,,,,,,,,,,,,,,,,,,,,,,,,,,,,,,,,,,,,,,,,,,,,,,,,,,,,,,,,,,,,,,,,,,,,,,,,,,,,,,,,,,,,,,,,,10.0,38,23.9983832668115,21.788216262821,7,*,*,*,10,*,*,*,,,,,,,,,,,,,,,,,,,,,,,,
CHRONIC LIVER DISEASE AND CIRRHOSIS,,,,,,,,,,,,,SULLIVAN,,,,,,,,,,,,,,,,,,,,,,,,,,,,,,,,,,,,,,,,,,,,,,,,,,,,,,,,,,,,,,,,,,,,,,,,,,,,,,,,,,,,,,,,,,,,,,,,,,,,,,,,,,,,,11.0,29,18.3145556509877,13.4532479238153,10,18,23.359634551495,17.4612751148529,12,11,13.5321326641079,10.0666112957937,,,,,,,,,,,,,,,,,,,,,,,,
SEPTICEMIA,,,,,,,,,,,,,SULLIVAN,,,,,,,,,,,,,,,,,,,,,,,,,,,,,,,,,,,,,,,,,,,,,,,,,,,,,,,,,,,,,,,,,,,,,,,,,,,,,,,,,,,,,,,,,,,,,,,,,,,,,,,,,,,,,12.0,24,15.1568736421967,10.5185160937839,13,*,*,*,10,*,*,*,,,,,,,,,,,,,,,,,,,,,,,,
DISEASES OF HEART,,,,,,,,,,,,,UPPER CUMBERLAND,,,,,,,,,,,,,,,,,,,,,,,,,,,,,,,,,,,,,,,,,,,,,,,,,,,,,,,,,,,,,,,,,,,,,,,,,,,,,,,,,,,,,,,,,,,,,,,,,,,,,,,,,,,,,,,,,,,,,,,,,1.0,1012,280.836515407157,194.386301787551,1,558,313.331761059263,236.62572186747,1,454,249.086499950622,157.194933097294,,,,,,,,,,,,
MALIGNANT NEOPLASMS,,,,,,,,,,,,,UPPER CUMBERLAND,,,,,,,,,,,,,,,,,,,,,,,,,,,,,,,,,,,,,,,,,,,,,,,,,,,,,,,,,,,,,,,,,,,,,,,,,,,,,,,,,,,,,,,,,,,,,,,,,,,,,,,,,,,,,,,,,,,,,,,,,2.0,948,263.076103365598,173.976337867608,2,545,306.031917163618,217.400826028413,2,403,221.10541735705,137.442184357295,,,,,,,,,,,,
CHRONIC LOWER RESPIRATORY DISEASES,,,,,,,,,,,,,UPPER CUMBERLAND,,,,,,,,,,,,,,,,,,,,,,,,,,,,,,,,,,,,,,,,,,,,,,,,,,,,,,,,,,,,,,,,,,,,,,,,,,,,,,,,,,,,,,,,,,,,,,,,,,,,,,,,,,,,,,,,,,,,,,,,,3.0,318,88.2470473314981,56.9865042145772,4,155,87.0366002942399,60.5413439315434,4,163,89.4297345637694,54.415052635888,,,,,,,,,,,,
ACCIDENTS AND ADVERSE EFFECTS,,,,,,,,,,,,,UPPER CUMBERLAND,,,,,,,,,,,,,,,,,,,,,,,,,,,,,,,,,,,,,,,,,,,,,,,,,,,,,,,,,,,,,,,,,,,,,,,,,,,,,,,,,,,,,,,,,,,,,,,,,,,,,,,,,,,,,,,,,,,,,,,,,4.0,265,73.5392061095817,68.9488708275671,3,169,94.897970643397,91.7825784349491,6,96,52.6702731173121,46.7989460430376,,,,,,,,,,,,
CEREBROVASCULAR DISEASE,,,,,,,,,,,,,UPPER CUMBERLAND,,,,,,,,,,,,,,,,,,,,,,,,,,,,,,,,,,,,,,,,,,,,,,,,,,,,,,,,,,,,,,,,,,,,,,,,,,,,,,,,,,,,,,,,,,,,,,,,,,,,,,,,,,,,,,,,,,,,,,,,,5.0,234,64.9365065269514,44.1411824778686,5,111,62.329436339746,49.0135393682229,5,123,67.4837874315561,40.5944782831654,,,,,,,,,,,,
ALZHEIMER'S DISEASE,,,,,,,,,,,,,UPPER CUMBERLAND,,,,,,,,,,,,,,,,,,,,,,,,,,,,,,,,,,,,,,,,,,,,,,,,,,,,,,,,,,,,,,,,,,,,,,,,,,,,,,,,,,,,,,,,,,,,,,,,,,,,,,,,,,,,,,,,,,,,,,,,,6.0,231,64.1039872125033,45.360248488935,7,66,37.0607459317408,30.2474869457947,3,165,90.5270319203801,54.8333278250763,,,,,,,,,,,,
DIABETES MELLITUS,,,,,,,,,,,,,UPPER CUMBERLAND,,,,,,,,,,,,,,,,,,,,,,,,,,,,,,,,,,,,,,,,,,,,,,,,,,,,,,,,,,,,,,,,,,,,,,,,,,,,,,,,,,,,,,,,,,,,,,,,,,,,,,,,,,,,,,,,,,,,,,,,,7.0,149,41.3484592842554,29.655112692377,6,82,46.0451691879204,35.2523906309461,7,67,36.7594614464574,24.6991191169219,,,,,,,,,,,,
PNEUMONIA AND INFLUENZA,,,,,,,,,,,,,UPPER CUMBERLAND,,,,,,,,,,,,,,,,,,,,,,,,,,,,,,,,,,,,,,,,,,,,,,,,,,,,,,,,,,,,,,,,,,,,,,,,,,,,,,,,,,,,,,,,,,,,,,,,,,,,,,,,,,,,,,,,,,,,,,,,,8.0,96,26.640618062339,17.9470697874111,10,48,26.9532697685388,20.5225314646058,8,48,26.335136558656,15.9589182881825,,,,,,,,,,,,
CHRONIC LIVER DISEASE AND CIRRHOSIS,,,,,,,,,,,,,UPPER CUMBERLAND,,,,,,,,,,,,,,,,,,,,,,,,,,,,,,,,,,,,,,,,,,,,,,,,,,,,,,,,,,,,,,,,,,,,,,,,,,,,,,,,,,,,,,,,,,,,,,,,,,,,,,,,,,,,,,,,,,,,,,,,,9.0,81,22.4780214900986,17.192360366912,8,62,34.8146401176959,27.5120085872493,11,19,10.4243248878013,7.51188526965954,,,,,,,,,,,,
SUICIDE,,,,,,,,,,,,,UPPER CUMBERLAND,,,,,,,,,,,,,,,,,,,,,,,,,,,,,,,,,,,,,,,,,,,,,,,,,,,,,,,,,,,,,,,,,,,,,,,,,,,,,,,,,,,,,,,,,,,,,,,,,,,,,,,,,,,,,,,,,,,,,,,,,10.0,80,22.2005150519492,20.5915781683075,8,62,34.8146401176959,31.9587563653294,14,18,9.87567620949601,10.1216842193642,,,,,,,,,,,,
"NEPHRITIS, NEPHROTIC SYNDROME, NEPHROSIS",,,,,,,,,,,,,UPPER CUMBERLAND,,,,,,,,,,,,,,,,,,,,,,,,,,,,,,,,,,,,,,,,,,,,,,,,,,,,,,,,,,,,,,,,,,,,,,,,,,,,,,,,,,,,,,,,,,,,,,,,,,,,,,,,,,,,,,,,,,,,,,,,,11.0,79,21.9230086137998,15.7626389750913,11,38,21.3380052334265,17.311713215184,9,41,22.4945958105187,14.2639211688026,,,,,,,,,,,,
HYPERTENSION AND RENAL DISEASE,,,,,,,,,,,,,UPPER CUMBERLAND,,,,,,,,,,,,,,,,,,,,,,,,,,,,,,,,,,,,,,,,,,,,,,,,,,,,,,,,,,,,,,,,,,,,,,,,,,,,,,,,,,,,,,,,,,,,,,,,,,,,,,,,,,,,,,,,,,,,,,,,,14.0,46,12.7652961548708,8.69836268531239,14,24,13.4766348842694,9.90866556703682,10,22,12.0702709227173,7.6597609125929,,,,,,,,,,,,
DISEASES OF HEART,,,,,,,,,,,,,WEST,,,,,,,,,,,,,,,,,,,,,,,,,,,,,,,,,,,,,,,,,,,,,,,,,,,,,,,,,,,,,,,,,,,,,,,,,,,,,,,,,,,,,,,,,,,,,,,,,,,,,,,,,,,,,,,,,,,,,,,,,,,,,,,,,,,,,1.0,1812,344.229501532125,247.467249191364,1,985,379.715117287639,312.978648571821,1,827,309.751749142284,198.042655863756
MALIGNANT NEOPLASMS,,,,,,,,,,,,,WEST,,,,,,,,,,,,,,,,,,,,,,,,,,,,,,,,,,,,,,,,,,,,,,,,,,,,,,,,,,,,,,,,,,,,,,,,,,,,,,,,,,,,,,,,,,,,,,,,,,,,,,,,,,,,,,,,,,,,,,,,,,,,,,,,,,,,,2.0,1420,269.760426145484,188.417404844588,2,761,293.363659143039,224.922110637648,2,659,246.827572774806,161.906718675855
CHRONIC LOWER RESPIRATORY DISEASES,,,,,,,,,,,,,WEST,,,,,,,,,,,,,,,,,,,,,,,,,,,,,,,,,,,,,,,,,,,,,,,,,,,,,,,,,,,,,,,,,,,,,,,,,,,,,,,,,,,,,,,,,,,,,,,,,,,,,,,,,,,,,,,,,,,,,,,,,,,,,,,,,,,,,3.0,457,86.8172639073848,59.9137543060721,4,213,82.1109847535707,65.3257617066846,3,244,91.3898752003835,57.0870249233933
CEREBROVASCULAR DISEASE,,,,,,,,,,,,,WEST,,,,,,,,,,,,,,,,,,,,,,,,,,,,,,,,,,,,,,,,,,,,,,,,,,,,,,,,,,,,,,,,,,,,,,,,,,,,,,,,,,,,,,,,,,,,,,,,,,,,,,,,,,,,,,,,,,,,,,,,,,,,,,,,,,,,,4.0,364,69.1498557161664,49.2772478498249,5,151,58.2101347314046,46.8891490524562,4,213,79.7788664659086,49.978956548321
ACCIDENTS AND ADVERSE EFFECTS,,,,,,,,,,,,,WEST,,,,,,,,,,,,,,,,,,,,,,,,,,,,,,,,,,,,,,,,,,,,,,,,,,,,,,,,,,,,,,,,,,,,,,,,,,,,,,,,,,,,,,,,,,,,,,,,,,,,,,,,,,,,,,,,,,,,,,,,,,,,,,,,,,,,,5.0,353,67.0601622741944,61.6037693951276,3,224,86.3514581446001,83.4165042702879,6,129,48.31677828217,40.9759151216539
ALZHEIMER'S DISEASE,,,,,,,,,,,,,WEST,,,,,,,,,,,,,,,,,,,,,,,,,,,,,,,,,,,,,,,,,,,,,,,,,,,,,,,,,,,,,,,,,,,,,,,,,,,,,,,,,,,,,,,,,,,,,,,,,,,,,,,,,,,,,,,,,,,,,,,,,,,,,,,,,,,,,6.0,260,49.392754082976,35.6605006429421,8,86,33.1527919662304,30.3901814952832,5,174,65.1714683806014,38.8866213568307
DIABETES MELLITUS,,,,,,,,,,,,,WEST,,,,,,,,,,,,,,,,,,,,,,,,,,,,,,,,,,,,,,,,,,,,,,,,,,,,,,,,,,,,,,,,,,,,,,,,,,,,,,,,,,,,,,,,,,,,,,,,,,,,,,,,,,,,,,,,,,,,,,,,,,,,,,,,,,,,,7.0,235,44.6434508057668,32.7299268444466,6,138,53.1986661783697,43.094351270188,7,97,36.331220878841,24.1214192470941
PNEUMONIA AND INFLUENZA,,,,,,,,,,,,,WEST,,,,,,,,,,,,,,,,,,,,,,,,,,,,,,,,,,,,,,,,,,,,,,,,,,,,,,,,,,,,,,,,,,,,,,,,,,,,,,,,,,,,,,,,,,,,,,,,,,,,,,,,,,,,,,,,,,,,,,,,,,,,,,,,,,,,,8.0,132,25.0763213036647,17.7449084143855,9,67,25.8283379271795,20.697150608825,8,65,24.345663475512,15.2699008358581
SUICIDE,,,,,,,,,,,,,WEST,,,,,,,,,,,,,,,,,,,,,,,,,,,,,,,,,,,,,,,,,,,,,,,,,,,,,,,,,,,,,,,,,,,,,,,,,,,,,,,,,,,,,,,,,,,,,,,,,,,,,,,,,,,,,,,,,,,,,,,,,,,,,,,,,,,,,9.0,112,21.2768786818974,19.8531902635582,7,88,33.9237871282358,32.2784218621634,15,24,8.98916805249674,8.51381151980483
"NEPHRITIS, NEPHROTIC SYNDROME, NEPHROSIS",,,,,,,,,,,,,WEST,,,,,,,,,,,,,,,,,,,,,,,,,,,,,,,,,,,,,,,,,,,,,,,,,,,,,,,,,,,,,,,,,,,,,,,,,,,,,,,,,,,,,,,,,,,,,,,,,,,,,,,,,,,,,,,,,,,,,,,,,,,,,,,,,,,,,10.0,97,18.4272967155718,13.2547664764525,11,48,18.5038838881286,14.8198254974051,9,49,18.3528847738475,11.5756671149538
CHRONIC LIVER DISEASE AND CIRRHOSIS,,,,,,,,,,,,,WEST,,,,,,,,,,,,,,,,,,,,,,,,,,,,,,,,,,,,,,,,,,,,,,,,,,,,,,,,,,,,,,,,,,,,,,,,,,,,,,,,,,,,,,,,,,,,,,,,,,,,,,,,,,,,,,,,,,,,,,,,,,,,,,,,,,,,,11.0,81,15.3877426181579,11.9299012623886,10,52,20.0458742121393,15.7207410730743,12,29,10.8619113967669,8.38387932958783
HYPERTENSION AND RENAL DISEASE,,,,,,,,,,,,,WEST,,,,,,,,,,,,,,,,,,,,,,,,,,,,,,,,,,,,,,,,,,,,,,,,,,,,,,,,,,,,,,,,,,,,,,,,,,,,,,,,,,,,,,,,,,,,,,,,,,,,,,,,,,,,,,,,,,,,,,,,,,,,,,,,,,,,,12.0,80,15.1977704870695,10.6966603100402,15,33,12.7214201730884,10.0823208536963,10,47,17.6037874361395,10.7051618926149
