Region,Cause,Sex,Rank,Number,Rate,Age_Adjusted_Rate
DAVIDSON,DISEASES OF HEART,Total,1.0,1155.0,166.390549593027,172.678505182077
DAVIDSON,DISEASES OF HEART,Male,1.0,666.0,199.190675722963,240.148033995214
DAVIDSON,DISEASES OF HEART,Female,2.0,489.0,135.909971456127,122.570581698513
DAVIDSON,MALIGNANT NEOPLASMS,Total,2.0,1047.0,150.831952747965,151.183093442405
DAVIDSON,MALIGNANT NEOPLASMS,Male,2.0,532.0,159.113272499424,179.823898721004
DAVIDSON,MALIGNANT NEOPLASMS,Female,1.0,515.0,143.136268506964,131.101987075729
DAVIDSON,ACCIDENTS AND ADVERSE EFFECTS,Total,3.0,581.0,83.6994885831593,83.375857635789
DAVIDSON,ACCIDENTS AND ADVERSE EFFECTS,Male,3.0,384.0,114.848677894321,118.26156544867
DAVIDSON,ACCIDENTS AND ADVERSE EFFECTS,Female,3.0,196.0,54.4751623832328,52.1443990779647
DAVIDSON,ALZHEIMER'S DISEASE,Total,4.0,284.0,40.9133472592379,46.1549623900552
DAVIDSON,ALZHEIMER'S DISEASE,Male,7.0,95.0,28.4130843748972,43.3265462430873
DAVIDSON,ALZHEIMER'S DISEASE,Female,4.0,189.0,52.5296208695459,47.411492449834
DAVIDSON,CHRONIC LOWER RESPIRATORY DISEASES,Total,5.0,276.0,39.7608586040481,41.6125034476199
DAVIDSON,CHRONIC LOWER RESPIRATORY DISEASES,Male,5.0,111.0,33.1984459538272,40.9161419120077
DAVIDSON,CHRONIC LOWER RESPIRATORY DISEASES,Female,5.0,165.0,45.8591928226194,42.4185892340186
DAVIDSON,CEREBROVASCULAR DISEASE,Total,6.0,263.0,37.8880645393647,40.0445168095416
DAVIDSON,CEREBROVASCULAR DISEASE,Male,4.0,134.0,40.0774032235392,49.2934503374824
DAVIDSON,CEREBROVASCULAR DISEASE,Female,6.0,129.0,35.8535507522297,33.005525464655
DAVIDSON,DIABETES MELLITUS,Total,7.0,158.0,22.7616509399986,22.9005837244416
DAVIDSON,DIABETES MELLITUS,Male,6.0,96.0,28.7121694735803,32.0707954400296
DAVIDSON,DIABETES MELLITUS,Female,7.0,62.0,17.2319391212267,16.1060706929666
DAVIDSON,SUICIDE,Total,8.0,92.0,13.2536195346827,12.6875299565346
DAVIDSON,SUICIDE,Male,8.0,68.0,20.3377867104527,19.9500834498489
DAVIDSON,SUICIDE,Female,13.0,24.0,6.67042804692646,6.33705636405563
DAVIDSON,CHRONIC LIVER DISEASE AND CIRRHOSIS,Total,9.0,91.0,13.109558452784,12.8863106989579
DAVIDSON,CHRONIC LIVER DISEASE AND CIRRHOSIS,Male,10.0,59.0,17.6460208223046,17.566094116873
DAVIDSON,CHRONIC LIVER DISEASE AND CIRRHOSIS,Female,11.0,32.0,8.89390406256861,8.86780555735845
DAVIDSON,PNEUMONIA AND INFLUENZA,Total,10.0,80.0,11.524886551898,12.3948305734228
DAVIDSON,PNEUMONIA AND INFLUENZA,Male,13.0,40.0,11.9634039473251,14.9406498172475
DAVIDSON,PNEUMONIA AND INFLUENZA,Female,8.0,40.0,11.1173800782108,10.3507043297174
DAVIDSON,"NEPHRITIS, NEPHROTIC SYNDROME, NEPHROSIS",Total,11.0,78.0,11.2367643881006,11.3815783817925
DAVIDSON,"NEPHRITIS, NEPHROTIC SYNDROME, NEPHROSIS",Male,12.0,45.0,13.4588294407408,15.1752867618956
DAVIDSON,"NEPHRITIS, NEPHROTIC SYNDROME, NEPHROSIS",Female,10.0,33.0,9.17183856452388,8.30098324884363
DAVIDSON,ASSAULT (HOMICIDE),Total,12.0,75.0,10.8045811424044,10.8852073894851
DAVIDSON,ASSAULT (HOMICIDE),Male,9.0,63.0,18.8423612170371,19.0192670153563
DAVIDSON,ASSAULT (HOMICIDE),Female,15.0,12.0,3.33521402346323,3.18276918608618
DAVIDSON,HYPERTENSION AND RENAL DISEASE,Total,13.0,72.0,10.3723978967082,10.7477135926652
DAVIDSON,HYPERTENSION AND RENAL DISEASE,Male,14.0,34.0,10.1688933552264,11.5131484636491
DAVIDSON,HYPERTENSION AND RENAL DISEASE,Female,9.0,38.0,10.5615110743002,9.97814753772869
EAST,DISEASES OF HEART,Total,1.0,2251.0,289.972316725516,200.695186650064
EAST,DISEASES OF HEART,Male,1.0,1260.0,329.86711067827,253.479104238776
EAST,DISEASES OF HEART,Female,1.0,991.0,251.325736922059,155.3450600944
EAST,MALIGNANT NEOPLASMS,Total,2.0,2049.0,263.950811626202,174.50213446247
EAST,MALIGNANT NEOPLASMS,Male,2.0,1140.0,298.451195375577,210.831323492077
EAST,MALIGNANT NEOPLASMS,Female,2.0,909.0,230.529863634865,145.878812463965
EAST,CHRONIC LOWER RESPIRATORY DISEASES,Total,3.0,774.0,99.7061631033092,65.1080043165182
EAST,CHRONIC LOWER RESPIRATORY DISEASES,Male,4.0,349.0,91.3679536719969,66.8869791125586
EAST,CHRONIC LOWER RESPIRATORY DISEASES,Female,3.0,425.0,107.783489598259,64.711028021738
EAST,ACCIDENTS AND ADVERSE EFFECTS,Total,4.0,619.0,79.7391666162124,73.5839989480545
EAST,ACCIDENTS AND ADVERSE EFFECTS,Male,3.0,392.0,102.625323322128,98.9645641997234
EAST,ACCIDENTS AND ADVERSE EFFECTS,Female,5.0,227.0,57.5690638560114,48.5661681031899
EAST,ALZHEIMER'S DISEASE,Total,5.0,466.0,60.0298087934653,42.265067195944
EAST,ALZHEIMER'S DISEASE,Male,7.0,139.0,36.3901018922853,31.3875661545605
EAST,ALZHEIMER'S DISEASE,Female,4.0,327.0,82.9298849379548,49.5739833652531
EAST,CEREBROVASCULAR DISEASE,Total,6.0,393.0,50.6259975447035,35.1059874890013
EAST,CEREBROVASCULAR DISEASE,Male,6.0,178.0,46.6002743656603,35.8199185343899
EAST,CEREBROVASCULAR DISEASE,Female,6.0,215.0,54.5257653261782,34.3015514415236
EAST,DIABETES MELLITUS,Total,7.0,340.0,43.7985729394382,30.1136313068818
EAST,DIABETES MELLITUS,Male,5.0,181.0,47.3856722482276,35.8637188245534
EAST,DIABETES MELLITUS,Female,7.0,159.0,40.3237055202899,25.5700847249854
EAST,PNEUMONIA AND INFLUENZA,Total,8.0,213.0,27.4385177532363,19.3821542802048
EAST,PNEUMONIA AND INFLUENZA,Male,10.0,99.0,25.9181301247212,20.4780272241162
EAST,PNEUMONIA AND INFLUENZA,Female,8.0,114.0,28.9113360334154,18.4438840732535
EAST,CHRONIC LIVER DISEASE AND CIRRHOSIS,Total,9.0,204.0,26.2791437636629,20.2296020004971
EAST,CHRONIC LIVER DISEASE AND CIRRHOSIS,Male,8.0,133.0,34.8193061271507,27.8779353402234
EAST,CHRONIC LIVER DISEASE AND CIRRHOSIS,Female,10.0,71.0,18.0061829681798,13.2329680559632
EAST,SUICIDE,Total,10.0,168.0,21.6416478053694,21.429839849952
EAST,SUICIDE,Male,9.0,123.0,32.2013131852597,32.5243562609067
EAST,SUICIDE,Female,13.0,45.0,11.4123694868745,10.3174819043018
EAST,"NEPHRITIS, NEPHROTIC SYNDROME, NEPHROSIS",Total,11.0,156.0,20.0958158192716,14.2804000017472
EAST,"NEPHRITIS, NEPHROTIC SYNDROME, NEPHROSIS",Male,11.0,82.0,21.4675421235064,17.2595722751994
EAST,"NEPHRITIS, NEPHROTIC SYNDROME, NEPHROSIS",Female,9.0,74.0,18.7670076006381,12.0667852487974
HAMILTON,DISEASES OF HEART,Total,1.0,978.0,265.90249154441,198.255244931149
HAMILTON,DISEASES OF HEART,Male,1.0,551.0,310.336864752829,267.913357427582
HAMILTON,DISEASES OF HEART,Female,1.0,427.0,224.435625870542,144.666005713304
HAMILTON,MALIGNANT NEOPLASMS,Total,2.0,725.0,197.115855183739,146.709290669772
HAMILTON,MALIGNANT NEOPLASMS,Male,2.0,386.0,217.404772766954,176.64120397036
HAMILTON,MALIGNANT NEOPLASMS,Female,2.0,339.0,178.181913747339,123.310191866704
HAMILTON,CHRONIC LOWER RESPIRATORY DISEASES,Total,3.0,310.0,84.284020837185,61.0514518154414
HAMILTON,CHRONIC LOWER RESPIRATORY DISEASES,Male,4.0,144.0,81.1043711876721,67.6621104097985
HAMILTON,CHRONIC LOWER RESPIRATORY DISEASES,Female,3.0,166.0,87.2513205960422,58.3093968888546
HAMILTON,ACCIDENTS AND ADVERSE EFFECTS,Total,4.0,237.0,64.4364933497189,59.3722159150777
HAMILTON,ACCIDENTS AND ADVERSE EFFECTS,Male,3.0,166.0,93.4953167857887,88.1674936553024
HAMILTON,ACCIDENTS AND ADVERSE EFFECTS,Female,6.0,71.0,37.3183359175843,33.7765071863077
HAMILTON,ALZHEIMER'S DISEASE,Total,5.0,216.0,58.726930647845,43.3549743810437
HAMILTON,ALZHEIMER'S DISEASE,Male,6.0,75.0,42.2418599935792,40.5154615167014
HAMILTON,ALZHEIMER'S DISEASE,Female,4.0,141.0,74.1110614701322,44.8928500768213
HAMILTON,CEREBROVASCULAR DISEASE,Total,6.0,193.0,52.4736000696023,37.76290070006
HAMILTON,CEREBROVASCULAR DISEASE,Male,5.0,86.0,48.4373327926375,41.8681124671863
HAMILTON,CEREBROVASCULAR DISEASE,Female,5.0,107.0,56.2403090588946,34.6955506931238
HAMILTON,DIABETES MELLITUS,Total,7.0,111.0,30.1791171384759,23.9832790072845
HAMILTON,DIABETES MELLITUS,Male,7.0,54.0,30.4141391953771,25.2829257305067
HAMILTON,DIABETES MELLITUS,Female,7.0,57.0,29.9597908070747,22.3325213546383
HAMILTON,SUICIDE,Total,8.0,61.0,16.5849202292525,16.0704901711091
HAMILTON,SUICIDE,Male,8.0,50.0,28.1612399957195,27.2169091007049
HAMILTON,SUICIDE,Female,16.0,11.0,5.78171401540038,5.64872302633178
HAMILTON,PARKINSON'S DISEASE,Total,9.0,59.0,16.0411523528836,12.2623683091067
HAMILTON,PARKINSON'S DISEASE,Male,9.0,33.0,18.5864183971749,17.416253699029
HAMILTON,PARKINSON'S DISEASE,Female,10.0,26.0,13.6658694909464,8.54405111943142
HAMILTON,CHRONIC LIVER DISEASE AND CIRRHOSIS,Total,10.0,53.0,14.4098487237768,11.8582352872838
HAMILTON,CHRONIC LIVER DISEASE AND CIRRHOSIS,Male,10.0,32.0,18.0231935972605,15.7160303555917
HAMILTON,CHRONIC LIVER DISEASE AND CIRRHOSIS,Female,11.0,21.0,11.0378176657644,8.44370787855579
HAMILTON,HYPERTENSION AND RENAL DISEASE,Total,11.0,51.0,13.8660808474079,10.0211052724833
HAMILTON,HYPERTENSION AND RENAL DISEASE,Male,13.0,19.0,10.7012711983734,8.72426050830024
HAMILTON,HYPERTENSION AND RENAL DISEASE,Female,8.0,32.0,16.8195316811648,11.4892070185768
HAMILTON,PNEUMONIA AND INFLUENZA,Total,13.0,41.0,11.1472414655632,9.18041072465664
HAMILTON,PNEUMONIA AND INFLUENZA,Male,15.0,13.0,7.32192239888707,6.91920842948929
HAMILTON,PNEUMONIA AND INFLUENZA,Female,9.0,28.0,14.7170902210192,10.4924012830273
KNOX,DISEASES OF HEART,Total,1.0,1000.0,212.627071253458,179.892605182807
KNOX,DISEASES OF HEART,Male,1.0,545.0,238.276365607758,231.567030468467
KNOX,DISEASES OF HEART,Female,1.0,455.0,188.342626282696,139.764561092994
KNOX,MALIGNANT NEOPLASMS,Total,2.0,883.0,187.749703916803,153.789040224512
KNOX,MALIGNANT NEOPLASMS,Male,2.0,471.0,205.92324440597,187.672616140712
KNOX,MALIGNANT NEOPLASMS,Female,2.0,412.0,170.543213249386,129.130283039985
KNOX,ACCIDENTS AND ADVERSE EFFECTS,Total,3.0,428.0,91.00438649648,87.3296644597707
KNOX,ACCIDENTS AND ADVERSE EFFECTS,Male,3.0,277.0,121.10560233642,122.560124583966
KNOX,ACCIDENTS AND ADVERSE EFFECTS,Female,4.0,151.0,62.5049155355761,56.8930322996094
KNOX,CHRONIC LOWER RESPIRATORY DISEASES,Total,4.0,261.0,55.4956655971525,45.2326816062765
KNOX,CHRONIC LOWER RESPIRATORY DISEASES,Male,4.0,120.0,52.4645208677632,49.6040971421573
KNOX,CHRONIC LOWER RESPIRATORY DISEASES,Female,5.0,141.0,58.3655171557366,42.5700164833096
KNOX,ALZHEIMER'S DISEASE,Total,5.0,208.0,44.2264308207192,38.3039173520083
KNOX,ALZHEIMER'S DISEASE,Male,9.0,44.0,19.2369909848465,20.6314259123246
KNOX,ALZHEIMER'S DISEASE,Female,3.0,164.0,67.8861334293674,48.1490872021287
KNOX,CEREBROVASCULAR DISEASE,Total,6.0,204.0,43.3759225357054,37.0742588698584
KNOX,CEREBROVASCULAR DISEASE,Male,6.0,78.0,34.1019385640461,33.4962049338358
KNOX,CEREBROVASCULAR DISEASE,Female,6.0,126.0,52.1564195859774,37.8488100359421
KNOX,DIABETES MELLITUS,Total,7.0,172.0,36.5718562555947,31.1994326241239
KNOX,DIABETES MELLITUS,Male,5.0,97.0,42.4088210347752,41.0550261282099
KNOX,DIABETES MELLITUS,Female,7.0,75.0,31.0454878487961,24.0094346312965
KNOX,CHRONIC LIVER DISEASE AND CIRRHOSIS,Total,8.0,84.0,17.8606739852905,15.1077447461032
KNOX,CHRONIC LIVER DISEASE AND CIRRHOSIS,Male,8.0,49.0,21.42301268767,18.2114328919407
KNOX,CHRONIC LIVER DISEASE AND CIRRHOSIS,Female,9.0,35.0,14.4878943294382,12.4119721170453
KNOX,PNEUMONIA AND INFLUENZA,Total,9.0,82.0,17.4354198427835,15.2344719925933
KNOX,PNEUMONIA AND INFLUENZA,Male,10.0,43.0,18.7997866442818,19.1359134947591
KNOX,PNEUMONIA AND INFLUENZA,Female,8.0,39.0,16.143653681374,12.7114329414405
KNOX,SUICIDE,Total,9.0,82.0,17.4354198427835,16.9898518904724
KNOX,SUICIDE,Male,7.0,63.0,27.5438734555757,27.5160368937314
KNOX,SUICIDE,Female,15.0,19.0,7.864856921695,7.55863836619669
KNOX,HYPERTENSION AND RENAL DISEASE,Total,13.0,53.0,11.2692347764333,9.46474745398763
KNOX,HYPERTENSION AND RENAL DISEASE,Male,14.0,22.0,9.61849549242325,8.74278127418934
KNOX,HYPERTENSION AND RENAL DISEASE,Female,10.0,31.0,12.8321349775024,8.81708172284417
MADISON,DISEASES OF HEART,Total,1.0,266.0,271.48120553985,213.360114808668
MADISON,DISEASES OF HEART,Male,1.0,147.0,316.714784332314,277.733745289404
MADISON,DISEASES OF HEART,Female,1.0,119.0,230.767739057925,161.349112208323
MADISON,MALIGNANT NEOPLASMS,Total,2.0,213.0,217.389085639052,167.787477348128
MADISON,MALIGNANT NEOPLASMS,Male,2.0,114.0,245.615547033223,205.425110051081
MADISON,MALIGNANT NEOPLASMS,Female,2.0,99.0,191.98324509861,139.420257464187
MADISON,CEREBROVASCULAR DISEASE,Total,3.0,57.0,58.1745440442535,45.0029718215539
MADISON,CEREBROVASCULAR DISEASE,Male,5.0,26.0,56.017580902314,50.5807072568137
MADISON,CEREBROVASCULAR DISEASE,Female,3.0,31.0,60.1159656369384,41.1345921473845
MADISON,CHRONIC LOWER RESPIRATORY DISEASES,Total,4.0,50.0,51.0303017932048,39.4316493449586
MADISON,CHRONIC LOWER RESPIRATORY DISEASES,Male,3.0,28.0,60.3266255871073,53.4071918650316
MADISON,CHRONIC LOWER RESPIRATORY DISEASES,Female,4.0,22.0,42.6629433552466,31.1135183822095
MADISON,ACCIDENTS AND ADVERSE EFFECTS,Total,5.0,49.0,50.0096957573407,48.1657817765453
MADISON,ACCIDENTS AND ADVERSE EFFECTS,Male,3.0,28.0,60.3266255871073,59.5632843456188
MADISON,ACCIDENTS AND ADVERSE EFFECTS,Female,5.0,21.0,40.7237186572808,39.5096165967342
MADISON,ALZHEIMER'S DISEASE,Total,6.0,30.0,30.6181810759229,24.3130426584392
MADISON,ALZHEIMER'S DISEASE,Male,8.0,11.0,23.6997457663636,22.3362151676348
MADISON,ALZHEIMER'S DISEASE,Female,6.0,19.0,36.8452692613493,24.3726157584629
MADISON,DIABETES MELLITUS,Total,6.0,30.0,30.6181810759229,22.8088378286156
MADISON,DIABETES MELLITUS,Male,6.0,17.0,36.6268798207437,30.976555568294
MADISON,DIABETES MELLITUS,Female,8.0,13.0,25.2099210735548,17.3244279637631
MADISON,"NEPHRITIS, NEPHROTIC SYNDROME, NEPHROSIS",Total,8.0,26.0,26.5357569324665,20.4310004388977
MADISON,"NEPHRITIS, NEPHROTIC SYNDROME, NEPHROSIS",Male,9.0,10.0,21.5452234239669,19.1794739368688
MADISON,"NEPHRITIS, NEPHROTIC SYNDROME, NEPHROSIS",Female,7.0,16.0,31.0275951674521,21.00967974256
MADISON,ASSAULT (HOMICIDE),Total,9.0,17.0,17.3503026096896,18.6809292120332
MADISON,ASSAULT (HOMICIDE),Male,7.0,,,
MADISON,ASSAULT (HOMICIDE),Female,22.0,,,
MADISON,PNEUMONIA AND INFLUENZA,Total,10.0,16.0,16.3296965738255,12.3117969907614
MADISON,PNEUMONIA AND INFLUENZA,Male,10.0,,,
MADISON,PNEUMONIA AND INFLUENZA,Female,10.0,,,
MADISON,CHRONIC LIVER DISEASE AND CIRRHOSIS,Total,11.0,14.0,14.2884845020973,10.8318592527694
MADISON,CHRONIC LIVER DISEASE AND CIRRHOSIS,Male,13.0,,,
MADISON,CHRONIC LIVER DISEASE AND CIRRHOSIS,Female,9.0,,,
MADISON,PNEUMONITIS DUE TO SOLIDS AND LIQUIDS,Total,13.0,13.0,13.2678784662332,9.52419073093898
MADISON,PNEUMONITIS DUE TO SOLIDS AND LIQUIDS,Male,13.0,,,
MADISON,PNEUMONITIS DUE TO SOLIDS AND LIQUIDS,Female,10.0,,,
MADISON,PARKINSON'S DISEASE,Total,16.0,,,
MADISON,PARKINSON'S DISEASE,Male,21.0,,,
MADISON,PARKINSON'S DISEASE,Female,10.0,,,
MID-CUMBERLAND,DISEASES OF HEART,Total,1.0,2222.0,166.583824575687,173.114086470768
MID-CUMBERLAND,DISEASES OF HEART,Male,1.0,1230.0,186.984083549961,218.125340976403
MID-CUMBERLAND,DISEASES OF HEART,Female,2.0,992.0,146.734057832744,136.649906824455
MID-CUMBERLAND,MALIGNANT NEOPLASMS,Total,2.0,2190.0,164.1847775971,157.952965180721
MID-CUMBERLAND,MALIGNANT NEOPLASMS,Male,2.0,1169.0,177.710889162524,191.00569331253
MID-CUMBERLAND,MALIGNANT NEOPLASMS,Female,1.0,1021.0,151.023662345999,133.536951874206
MID-CUMBERLAND,ACCIDENTS AND ADVERSE EFFECTS,Total,3.0,814.0,61.025757517826,62.5597136718255
MID-CUMBERLAND,ACCIDENTS AND ADVERSE EFFECTS,Male,3.0,532.0,80.8744166248613,85.4363050152317
MID-CUMBERLAND,ACCIDENTS AND ADVERSE EFFECTS,Female,6.0,282.0,41.7127059564857,41.5135417550387
MID-CUMBERLAND,CHRONIC LOWER RESPIRATORY DISEASES,Total,4.0,664.0,49.7802248056959,50.2365499900013
MID-CUMBERLAND,CHRONIC LOWER RESPIRATORY DISEASES,Male,4.0,326.0,49.5583831197458,55.3956385532544
MID-CUMBERLAND,CHRONIC LOWER RESPIRATORY DISEASES,Female,4.0,338.0,49.9960801889793,46.0824815808223
MID-CUMBERLAND,ALZHEIMER'S DISEASE,Total,5.0,566.0,42.4331434337709,49.1939636384351
MID-CUMBERLAND,ALZHEIMER'S DISEASE,Male,6.0,188.0,28.5796810629209,40.8807670527343
MID-CUMBERLAND,ALZHEIMER'S DISEASE,Female,3.0,378.0,55.9127760693318,54.3735896502468
MID-CUMBERLAND,CEREBROVASCULAR DISEASE,Total,6.0,548.0,41.0836795083153,43.9723289241666
MID-CUMBERLAND,CEREBROVASCULAR DISEASE,Male,5.0,231.0,35.1165230081635,42.2962957724716
MID-CUMBERLAND,CEREBROVASCULAR DISEASE,Female,5.0,317.0,46.8898148517942,44.4591753625528
MID-CUMBERLAND,DIABETES MELLITUS,Total,7.0,259.0,19.4172864829447,19.0683640006867
MID-CUMBERLAND,DIABETES MELLITUS,Male,8.0,146.0,22.1948586978003,23.9914290059649
MID-CUMBERLAND,DIABETES MELLITUS,Female,7.0,113.0,16.714665861996,15.2856891998279
MID-CUMBERLAND,SUICIDE,Total,8.0,221.0,16.5684181958717,16.5146689419673
MID-CUMBERLAND,SUICIDE,Male,7.0,171.0,25.9953482008483,26.0834522051275
MID-CUMBERLAND,SUICIDE,Female,14.0,50.0,7.39586985044072,7.56933290004211
MID-CUMBERLAND,CHRONIC LIVER DISEASE AND CIRRHOSIS,Total,9.0,171.0,12.8199072918283,11.6922466949134
MID-CUMBERLAND,CHRONIC LIVER DISEASE AND CIRRHOSIS,Male,9.0,105.0,15.9620559128016,14.8481606859307
MID-CUMBERLAND,CHRONIC LIVER DISEASE AND CIRRHOSIS,Female,10.0,66.0,9.76254820258175,8.80338878947891
MID-CUMBERLAND,PNEUMONIA AND INFLUENZA,Total,10.0,167.0,12.5200264195049,13.3326648442949
MID-CUMBERLAND,PNEUMONIA AND INFLUENZA,Male,11.0,86.0,13.0736838904851,16.0496879773223
MID-CUMBERLAND,PNEUMONIA AND INFLUENZA,Female,8.0,81.0,11.981309157714,11.3740025544035
MID-CUMBERLAND,PARKINSON'S DISEASE,Total,11.0,148.0,11.0955922759684,12.3635458844977
MID-CUMBERLAND,PARKINSON'S DISEASE,Male,10.0,94.0,14.2898405314605,19.2213531864398
MID-CUMBERLAND,PARKINSON'S DISEASE,Female,13.0,54.0,7.98753943847598,7.66248371739243
MID-CUMBERLAND,HYPERTENSION AND RENAL DISEASE,Total,13.0,117.0,8.77151551546148,9.15376343972784
MID-CUMBERLAND,HYPERTENSION AND RENAL DISEASE,Male,14.0,49.0,7.44895942597407,8.54315798254504
MID-CUMBERLAND,HYPERTENSION AND RENAL DISEASE,Female,9.0,68.0,10.0583829965994,9.46998393941758
MID-CUMBERLAND,SEPTICEMIA,Total,14.0,110.0,8.24672398889541,8.08013270496501
MID-CUMBERLAND,SEPTICEMIA,Male,15.0,44.0,6.68886152536447,7.18525120990824
MID-CUMBERLAND,SEPTICEMIA,Female,10.0,66.0,9.76254820258175,8.71119271222068
NORTHEAST,DISEASES OF HEART,Total,1.0,1151.0,325.272638382171,221.690237280838
NORTHEAST,DISEASES OF HEART,Male,1.0,654.0,374.952700920755,278.423380482574
NORTHEAST,DISEASES OF HEART,Female,1.0,497.0,276.980522194667,172.264279338666
NORTHEAST,MALIGNANT NEOPLASMS,Total,2.0,994.0,280.904433146723,184.195707355306
NORTHEAST,MALIGNANT NEOPLASMS,Male,2.0,545.0,312.460584100629,220.803454125783
NORTHEAST,MALIGNANT NEOPLASMS,Female,2.0,449.0,250.229888260373,153.619040428757
NORTHEAST,CHRONIC LOWER RESPIRATORY DISEASES,Total,3.0,363.0,102.58381210489,68.1094457698499
NORTHEAST,CHRONIC LOWER RESPIRATORY DISEASES,Male,4.0,169.0,96.8914471798282,68.2332026534011
NORTHEAST,CHRONIC LOWER RESPIRATORY DISEASES,Female,3.0,194.0,108.117145484437,68.3427103251529
NORTHEAST,ACCIDENTS AND ADVERSE EFFECTS,Total,4.0,284.0,80.2584094704923,70.7159929733421
NORTHEAST,ACCIDENTS AND ADVERSE EFFECTS,Male,3.0,171.0,98.0380915251516,88.396770838389
NORTHEAST,ACCIDENTS AND ADVERSE EFFECTS,Female,4.0,113.0,62.9754507203166,54.4319395967421
NORTHEAST,CEREBROVASCULAR DISEASE,Total,5.0,184.0,51.9984061358119,35.2180702457652
NORTHEAST,CEREBROVASCULAR DISEASE,Male,5.0,85.0,48.732384676245,36.4723631712056
NORTHEAST,CEREBROVASCULAR DISEASE,Female,5.0,99.0,55.1731824894809,33.6631751335287
NORTHEAST,DIABETES MELLITUS,Total,6.0,130.0,36.7380043350845,24.8612411080199
NORTHEAST,DIABETES MELLITUS,Male,6.0,83.0,47.5857403309216,34.5502079189729
NORTHEAST,DIABETES MELLITUS,Female,8.0,47.0,26.1933290606626,16.166203937685
NORTHEAST,PNEUMONIA AND INFLUENZA,Total,7.0,119.0,33.6294039682697,23.1113151053008
NORTHEAST,PNEUMONIA AND INFLUENZA,Male,9.0,55.0,31.5327194963938,24.0809986354269
NORTHEAST,PNEUMONIA AND INFLUENZA,Female,7.0,64.0,35.6675119123917,22.2000469445826
NORTHEAST,ALZHEIMER'S DISEASE,Total,8.0,96.0,27.1296032012932,18.6403456972715
NORTHEAST,ALZHEIMER'S DISEASE,Male,12.0,30.0,17.1996651798512,14.2064244252291
NORTHEAST,ALZHEIMER'S DISEASE,Female,6.0,66.0,36.7821216596539,21.4027231954934
NORTHEAST,CHRONIC LIVER DISEASE AND CIRRHOSIS,Total,9.0,95.0,26.8470031679464,20.9000928925854
NORTHEAST,CHRONIC LIVER DISEASE AND CIRRHOSIS,Male,8.0,65.0,37.2659412230109,29.2995316091468
NORTHEAST,CHRONIC LIVER DISEASE AND CIRRHOSIS,Female,10.0,30.0,16.7191462089336,12.9205486468404
NORTHEAST,SUICIDE,Total,10.0,90.0,25.4340030012124,22.5665394746826
NORTHEAST,SUICIDE,Male,7.0,74.0,42.4258407769662,38.1644432304948
NORTHEAST,SUICIDE,Female,15.0,16.0,8.91687797809792,7.24368704039703
NORTHEAST,"NEPHRITIS, NEPHROTIC SYNDROME, NEPHROSIS",Total,11.0,83.0,23.4558027677847,16.3526923932913
NORTHEAST,"NEPHRITIS, NEPHROTIC SYNDROME, NEPHROSIS",Male,10.0,41.0,23.5062090791299,18.5147531173667
NORTHEAST,"NEPHRITIS, NEPHROTIC SYNDROME, NEPHROSIS",Female,9.0,42.0,23.406804692507,14.5906701350208
SHELBY,DISEASES OF HEART,Total,1.0,2061.0,219.918349577343,207.510714276755
SHELBY,DISEASES OF HEART,Male,1.0,1127.0,253.465186208075,272.348195127622
SHELBY,DISEASES OF HEART,Female,1.0,934.0,189.633503813989,158.231811658954
SHELBY,MALIGNANT NEOPLASMS,Total,2.0,1694.0,180.757731287733,166.21096229603
SHELBY,MALIGNANT NEOPLASMS,Male,2.0,885.0,199.038766454434,207.161096445124
SHELBY,MALIGNANT NEOPLASMS,Female,2.0,809.0,164.254287564793,139.2651408082
SHELBY,ACCIDENTS AND ADVERSE EFFECTS,Total,3.0,576.0,61.4618968251089,61.0725237405731
SHELBY,ACCIDENTS AND ADVERSE EFFECTS,Male,3.0,377.0,84.7882654839791,87.8987998462087
SHELBY,ACCIDENTS AND ADVERSE EFFECTS,Female,5.0,199.0,40.4037122687192,37.2101002401205
SHELBY,CEREBROVASCULAR DISEASE,Total,4.0,491.0,52.3919988561258,50.3942225155866
SHELBY,CEREBROVASCULAR DISEASE,Male,4.0,225.0,50.6030762172289,54.5632426105266
SHELBY,CEREBROVASCULAR DISEASE,Female,3.0,266.0,54.006972178288,45.8651867267893
SHELBY,CHRONIC LOWER RESPIRATORY DISEASES,Total,5.0,319.0,34.0387935541836,31.9050230109057
SHELBY,CHRONIC LOWER RESPIRATORY DISEASES,Male,6.0,140.0,31.4863585351646,35.494282494176
SHELBY,CHRONIC LOWER RESPIRATORY DISEASES,Female,6.0,179.0,36.3430376688479,30.0541837992881
SHELBY,ALZHEIMER'S DISEASE,Total,6.0,294.0,31.3711765044827,32.4290739646538
SHELBY,ALZHEIMER'S DISEASE,Male,8.0,90.0,20.2412304868916,28.2651004993719
SHELBY,ALZHEIMER'S DISEASE,Female,4.0,204.0,41.418880918687,34.4697472734003
SHELBY,DIABETES MELLITUS,Total,7.0,240.0,25.6091236771287,23.6512077898574
SHELBY,DIABETES MELLITUS,Male,7.0,127.0,28.5626252426136,29.6160575188335
SHELBY,DIABETES MELLITUS,Female,7.0,113.0,22.9428114892727,19.2922838709813
SHELBY,ASSAULT (HOMICIDE),Total,8.0,226.0,24.1152581292962,24.5676728604196
SHELBY,ASSAULT (HOMICIDE),Male,5.0,202.0,45.4303173150233,45.7386577372726
SHELBY,ASSAULT (HOMICIDE),Female,17.0,24.0,4.87280951984553,4.83521573850135
SHELBY,SEPTICEMIA,Total,9.0,188.0,20.0604802137508,18.7013909359909
SHELBY,SEPTICEMIA,Male,9.0,85.0,19.1167176820642,20.5218392091513
SHELBY,SEPTICEMIA,Female,8.0,103.0,20.9124741893371,17.2919008973924
SHELBY,PNEUMONIA AND INFLUENZA,Total,10.0,173.0,18.4599099839303,17.6614317984288
SHELBY,PNEUMONIA AND INFLUENZA,Male,11.0,81.0,18.2171074382024,21.5372630206864
SHELBY,PNEUMONIA AND INFLUENZA,Female,9.0,92.0,18.6791031594079,15.8556342495777
SHELBY,"NEPHRITIS, NEPHROTIC SYNDROME, NEPHROSIS",Total,11.0,145.0,15.4721788882653,14.9711753553774
SHELBY,"NEPHRITIS, NEPHROTIC SYNDROME, NEPHROSIS",Male,12.0,71.0,15.9680818285478,17.9365487617493
SHELBY,"NEPHRITIS, NEPHROTIC SYNDROME, NEPHROSIS",Female,10.0,74.0,15.0244960195237,13.1981966741068
SHELBY,SUICIDE,Total,13.0,110.0,11.737515018684,11.6928887504633
SHELBY,SUICIDE,Male,10.0,84.0,18.8918151210988,19.1451059694202
SHELBY,SUICIDE,Female,15.0,26.0,5.27887697983266,5.50954997362152
SOUTH CENTRAL,DISEASES OF HEART,Total,1.0,1219.0,294.694293954536,234.177164763013
SOUTH CENTRAL,DISEASES OF HEART,Male,1.0,693.0,339.521142907536,304.794240736325
SOUTH CENTRAL,DISEASES OF HEART,Female,1.0,526.0,251.028453072951,175.704431737611
SOUTH CENTRAL,MALIGNANT NEOPLASMS,Total,2.0,955.0,230.8720678643,173.092874915048
SOUTH CENTRAL,MALIGNANT NEOPLASMS,Male,2.0,551.0,269.951154028935,222.575490444785
SOUTH CENTRAL,MALIGNANT NEOPLASMS,Female,2.0,404.0,192.805123652989,135.999310301867
SOUTH CENTRAL,CHRONIC LOWER RESPIRATORY DISEASES,Total,3.0,328.0,79.2942808999901,60.4976985315462
SOUTH CENTRAL,CHRONIC LOWER RESPIRATORY DISEASES,Male,4.0,158.0,77.4088608649215,66.2877457976149
SOUTH CENTRAL,CHRONIC LOWER RESPIRATORY DISEASES,Female,4.0,170.0,81.1308688638815,56.5338184544545
SOUTH CENTRAL,ACCIDENTS AND ADVERSE EFFECTS,Total,4.0,314.0,75.9097689103564,72.1425560212088
SOUTH CENTRAL,ACCIDENTS AND ADVERSE EFFECTS,Male,3.0,194.0,95.0463228341442,95.4569748061796
SOUTH CENTRAL,ACCIDENTS AND ADVERSE EFFECTS,Female,6.0,120.0,57.2688486097987,49.5211690947297
SOUTH CENTRAL,ALZHEIMER'S DISEASE,Total,5.0,280.0,67.6902397926745,56.1590336469305
SOUTH CENTRAL,ALZHEIMER'S DISEASE,Male,7.0,82.0,40.174218929896,42.9728864821591
SOUTH CENTRAL,ALZHEIMER'S DISEASE,Female,3.0,198.0,94.4936002061679,64.1110155531406
SOUTH CENTRAL,CEREBROVASCULAR DISEASE,Total,6.0,232.0,56.0861986853588,44.3950676263395
SOUTH CENTRAL,CEREBROVASCULAR DISEASE,Male,5.0,106.0,51.9325269093777,46.5818560771217
SOUTH CENTRAL,CEREBROVASCULAR DISEASE,Female,5.0,126.0,60.1322910402886,41.6771565348932
SOUTH CENTRAL,DIABETES MELLITUS,Total,7.0,142.0,34.3286216091421,26.5473315142437
SOUTH CENTRAL,DIABETES MELLITUS,Male,6.0,83.0,40.6641484290411,33.9139155595257
SOUTH CENTRAL,DIABETES MELLITUS,Female,7.0,59.0,28.1571838998177,20.1495157015838
SOUTH CENTRAL,PNEUMONIA AND INFLUENZA,Total,8.0,95.0,22.9663313582288,18.560835826321
SOUTH CENTRAL,PNEUMONIA AND INFLUENZA,Male,9.0,59.0,28.9058404495593,28.2745020446988
SOUTH CENTRAL,PNEUMONIA AND INFLUENZA,Female,8.0,36.0,17.1806545829396,11.7192966176061
SOUTH CENTRAL,SUICIDE,Total,9.0,86.0,20.7905736506072,19.6831618407182
SOUTH CENTRAL,SUICIDE,Male,8.0,70.0,34.2950649401551,32.6413336905749
SOUTH CENTRAL,SUICIDE,Female,15.0,16.0,7.63584648130649,7.62105599254354
SOUTH CENTRAL,CHRONIC LIVER DISEASE AND CIRRHOSIS,Total,10.0,75.0,18.1313142301807,14.5526580895609
SOUTH CENTRAL,CHRONIC LIVER DISEASE AND CIRRHOSIS,Male,10.0,51.0,24.9864044563987,20.9236338008123
SOUTH CENTRAL,CHRONIC LIVER DISEASE AND CIRRHOSIS,Female,12.0,24.0,11.4537697219597,8.71850878914694
SOUTH CENTRAL,PARKINSON'S DISEASE,Total,11.0,69.0,16.6808090917662,13.4855545113426
SOUTH CENTRAL,PARKINSON'S DISEASE,Male,11.0,37.0,18.1273914683677,17.3639446755025
SOUTH CENTRAL,PARKINSON'S DISEASE,Female,10.0,32.0,15.271692962613,10.5917156227564
SOUTH CENTRAL,"NEPHRITIS, NEPHROTIC SYNDROME, NEPHROSIS",Total,12.0,60.0,14.5050513841445,11.3245593496812
SOUTH CENTRAL,"NEPHRITIS, NEPHROTIC SYNDROME, NEPHROSIS",Male,12.0,26.0,12.7381669777719,11.539670008921
SOUTH CENTRAL,"NEPHRITIS, NEPHROTIC SYNDROME, NEPHROSIS",Female,9.0,34.0,16.2261737727763,11.2021107981536
SOUTHEAST,DISEASES OF HEART,Total,1.0,1111.0,327.758585593373,238.270665848312
SOUTHEAST,DISEASES OF HEART,Male,1.0,644.0,384.117573378982,305.655568974272
SOUTHEAST,DISEASES OF HEART,Female,1.0,467.0,272.602036051181,179.607427693525
SOUTHEAST,MALIGNANT NEOPLASMS,Total,2.0,809.0,238.664892659801,171.245408701298
SOUTHEAST,MALIGNANT NEOPLASMS,Male,2.0,454.0,270.790960114997,209.513216744611
SOUTHEAST,MALIGNANT NEOPLASMS,Female,2.0,355.0,207.224245820491,140.719576418933
SOUTHEAST,CHRONIC LOWER RESPIRATORY DISEASES,Total,3.0,308.0,90.8637663031133,63.6449696920557
SOUTHEAST,CHRONIC LOWER RESPIRATORY DISEASES,Male,4.0,139.0,82.9073644404946,64.5283453618628
SOUTHEAST,CHRONIC LOWER RESPIRATORY DISEASES,Female,3.0,169.0,98.6504156159522,62.9559906556982
SOUTHEAST,ALZHEIMER'S DISEASE,Total,4.0,242.0,71.3929592381604,53.4318768764282
SOUTHEAST,ALZHEIMER'S DISEASE,Male,6.0,73.0,43.5412777277418,40.1496760520038
SOUTHEAST,ALZHEIMER'S DISEASE,Female,3.0,169.0,98.6504156159522,62.5817521257549
SOUTHEAST,ACCIDENTS AND ADVERSE EFFECTS,Total,5.0,231.0,68.1478247273349,63.119800870929
SOUTHEAST,ACCIDENTS AND ADVERSE EFFECTS,Male,3.0,143.0,85.2931878776311,81.2636240340496
SOUTHEAST,ACCIDENTS AND ADVERSE EFFECTS,Female,6.0,88.0,51.3682637526852,45.9048487199471
SOUTHEAST,CEREBROVASCULAR DISEASE,Total,6.0,174.0,51.3321277166939,38.0616088143488
SOUTHEAST,CEREBROVASCULAR DISEASE,Male,5.0,78.0,46.5235570241624,39.3301052195476
SOUTHEAST,CEREBROVASCULAR DISEASE,Female,5.0,96.0,56.0381059120202,36.2881288785512
SOUTHEAST,DIABETES MELLITUS,Total,7.0,143.0,42.1867486407312,31.773231083429
SOUTHEAST,DIABETES MELLITUS,Male,7.0,72.0,42.9448218684576,35.6686602507746
SOUTHEAST,DIABETES MELLITUS,Female,7.0,71.0,41.4448491640983,28.1101213330206
SOUTHEAST,SUICIDE,Total,8.0,67.0,19.7658192932097,20.471122433761
SOUTHEAST,SUICIDE,Male,8.0,53.0,31.6121605420591,31.8071560114845
SOUTHEAST,SUICIDE,Female,14.0,14.0,8.17222377883628,9.42003662224613
SOUTHEAST,PNEUMONIA AND INFLUENZA,Total,9.0,65.0,19.175794836696,14.1644185933665
SOUTHEAST,PNEUMONIA AND INFLUENZA,Male,13.0,22.0,13.1220289042509,10.9696443107119
SOUTHEAST,PNEUMONIA AND INFLUENZA,Female,8.0,43.0,25.1004016064257,16.4634164634967
SOUTHEAST,"NEPHRITIS, NEPHROTIC SYNDROME, NEPHROSIS",Total,10.0,59.0,17.4057214671548,12.6015938679349
SOUTHEAST,"NEPHRITIS, NEPHROTIC SYNDROME, NEPHROSIS",Male,10.0,35.0,20.8759550749447,16.4581947283976
SOUTHEAST,"NEPHRITIS, NEPHROTIC SYNDROME, NEPHROSIS",Female,9.0,24.0,14.009526478005,9.56653089966461
SOUTHEAST,PARKINSON'S DISEASE,Total,10.0,59.0,17.4057214671548,12.7244303584463
SOUTHEAST,PARKINSON'S DISEASE,Male,10.0,35.0,20.8759550749447,18.2674334170045
SOUTHEAST,PARKINSON'S DISEASE,Female,9.0,24.0,14.009526478005,8.80030525704979
SOUTHEAST,CHRONIC LIVER DISEASE AND CIRRHOSIS,Total,12.0,58.0,17.110709238898,13.9280511043055
SOUTHEAST,CHRONIC LIVER DISEASE AND CIRRHOSIS,Male,9.0,38.0,22.6653226527971,20.2031067754891
SOUTHEAST,CHRONIC LIVER DISEASE AND CIRRHOSIS,Female,11.0,20.0,11.6746053983375,7.61396161496085
SULLIVAN,DISEASES OF HEART,Total,1.0,572.0,361.238821805689,229.908667581654
SULLIVAN,DISEASES OF HEART,Male,1.0,322.0,417.877906976744,299.616529361583
SULLIVAN,DISEASES OF HEART,Female,1.0,250.0,307.548469638815,171.957082704321
SULLIVAN,MALIGNANT NEOPLASMS,Total,2.0,451.0,284.822917192947,180.71629340204
SULLIVAN,MALIGNANT NEOPLASMS,Male,2.0,238.0,308.866279069767,213.831981002209
SULLIVAN,MALIGNANT NEOPLASMS,Female,2.0,213.0,262.03129613227,157.553287467279
SULLIVAN,CHRONIC LOWER RESPIRATORY DISEASES,Total,3.0,127.0,80.2051230232911,48.9404929656518
SULLIVAN,CHRONIC LOWER RESPIRATORY DISEASES,Male,4.0,50.0,64.8878737541528,46.3745506430746
SULLIVAN,CHRONIC LOWER RESPIRATORY DISEASES,Female,3.0,77.0,94.724928648755,52.2983878072303
SULLIVAN,ACCIDENTS AND ADVERSE EFFECTS,Total,4.0,101.0,63.7851765775779,52.4212154776752
SULLIVAN,ACCIDENTS AND ADVERSE EFFECTS,Male,3.0,64.0,83.0564784053156,74.7542782880611
SULLIVAN,ACCIDENTS AND ADVERSE EFFECTS,Female,6.0,37.0,45.5171735065446,31.3137479307203
SULLIVAN,CEREBROVASCULAR DISEASE,Total,5.0,96.0,60.6274945687869,36.6108790120513
SULLIVAN,CEREBROVASCULAR DISEASE,Male,5.0,46.0,59.6968438538206,42.7379590825977
SULLIVAN,CEREBROVASCULAR DISEASE,Female,5.0,50.0,61.509693927763,33.4420502364094
SULLIVAN,ALZHEIMER'S DISEASE,Total,6.0,79.0,49.8913757388976,29.9903406189429
SULLIVAN,ALZHEIMER'S DISEASE,Male,9.0,20.0,25.9551495016611,18.5720273825276
SULLIVAN,ALZHEIMER'S DISEASE,Female,4.0,59.0,72.5814388347604,37.1557406861566
SULLIVAN,DIABETES MELLITUS,Total,7.0,52.0,32.8398928914263,22.6751387064883
SULLIVAN,DIABETES MELLITUS,Male,8.0,21.0,27.2529069767442,21.4022647639593
SULLIVAN,DIABETES MELLITUS,Female,7.0,31.0,38.1360102352131,23.6529011544595
SULLIVAN,PNEUMONIA AND INFLUENZA,Total,7.0,52.0,32.8398928914263,20.8217379724846
SULLIVAN,PNEUMONIA AND INFLUENZA,Male,6.0,28.0,36.3372093023256,26.1488120110786
SULLIVAN,PNEUMONIA AND INFLUENZA,Female,8.0,24.0,29.5246530853262,16.0829161662463
SULLIVAN,"NEPHRITIS, NEPHROTIC SYNDROME, NEPHROSIS",Total,9.0,39.0,24.6299196685697,14.953704148131
SULLIVAN,"NEPHRITIS, NEPHROTIC SYNDROME, NEPHROSIS",Male,11.0,16.0,20.7641196013289,14.3216600743992
SULLIVAN,"NEPHRITIS, NEPHROTIC SYNDROME, NEPHROSIS",Female,9.0,23.0,28.294459206771,15.1042409334965
SULLIVAN,SUICIDE,Total,10.0,38.0,23.9983832668115,21.788216262821
SULLIVAN,SUICIDE,Male,7.0,,,
SULLIVAN,SUICIDE,Female,10.0,,,
SULLIVAN,CHRONIC LIVER DISEASE AND CIRRHOSIS,Total,11.0,29.0,18.3145556509877,13.4532479238153
SULLIVAN,CHRONIC LIVER DISEASE AND CIRRHOSIS,Male,10.0,18.0,23.359634551495,17.4612751148529
SULLIVAN,CHRONIC LIVER DISEASE AND CIRRHOSIS,Female,12.0,11.0,13.5321326641079,10.0666112957937
SULLIVAN,SEPTICEMIA,Total,12.0,24.0,15.1568736421967,10.5185160937839
SULLIVAN,SEPTICEMIA,Male,13.0,,,
SULLIVAN,SEPTICEMIA,Female,10.0,,,
UPPER CUMBERLAND,DISEASES OF HEART,Total,1.0,1012.0,280.836515407157,194.386301787551
UPPER CUMBERLAND,DISEASES OF HEART,Male,1.0,558.0,313.331761059263,236.62572186747
UPPER CUMBERLAND,DISEASES OF HEART,Female,1.0,454.0,249.086499950622,157.194933097294
UPPER CUMBERLAND,MALIGNANT NEOPLASMS,Total,2.0,948.0,263.076103365598,173.976337867608
UPPER CUMBERLAND,MALIGNANT NEOPLASMS,Male,2.0,545.0,306.031917163618,217.400826028413
UPPER CUMBERLAND,MALIGNANT NEOPLASMS,Female,2.0,403.0,221.10541735705,137.442184357295
UPPER CUMBERLAND,CHRONIC LOWER RESPIRATORY DISEASES,Total,3.0,318.0,88.2470473314981,56.9865042145772
UPPER CUMBERLAND,CHRONIC LOWER RESPIRATORY DISEASES,Male,4.0,155.0,87.0366002942399,60.5413439315434
UPPER CUMBERLAND,CHRONIC LOWER RESPIRATORY DISEASES,Female,4.0,163.0,89.4297345637694,54.415052635888
UPPER CUMBERLAND,ACCIDENTS AND ADVERSE EFFECTS,Total,4.0,265.0,73.5392061095817,68.9488708275671
UPPER CUMBERLAND,ACCIDENTS AND ADVERSE EFFECTS,Male,3.0,169.0,94.897970643397,91.7825784349491
UPPER CUMBERLAND,ACCIDENTS AND ADVERSE EFFECTS,Female,6.0,96.0,52.6702731173121,46.7989460430376
UPPER CUMBERLAND,CEREBROVASCULAR DISEASE,Total,5.0,234.0,64.9365065269514,44.1411824778686
UPPER CUMBERLAND,CEREBROVASCULAR DISEASE,Male,5.0,111.0,62.329436339746,49.0135393682229
UPPER CUMBERLAND,CEREBROVASCULAR DISEASE,Female,5.0,123.0,67.4837874315561,40.5944782831654
UPPER CUMBERLAND,ALZHEIMER'S DISEASE,Total,6.0,231.0,64.1039872125033,45.360248488935
UPPER CUMBERLAND,ALZHEIMER'S DISEASE,Male,7.0,66.0,37.0607459317408,30.2474869457947
UPPER CUMBERLAND,ALZHEIMER'S DISEASE,Female,3.0,165.0,90.5270319203801,54.8333278250763
UPPER CUMBERLAND,DIABETES MELLITUS,Total,7.0,149.0,41.3484592842554,29.655112692377
UPPER CUMBERLAND,DIABETES MELLITUS,Male,6.0,82.0,46.0451691879204,35.2523906309461
UPPER CUMBERLAND,DIABETES MELLITUS,Female,7.0,67.0,36.7594614464574,24.6991191169219
UPPER CUMBERLAND,PNEUMONIA AND INFLUENZA,Total,8.0,96.0,26.640618062339,17.9470697874111
UPPER CUMBERLAND,PNEUMONIA AND INFLUENZA,Male,10.0,48.0,26.9532697685388,20.5225314646058
UPPER CUMBERLAND,PNEUMONIA AND INFLUENZA,Female,8.0,48.0,26.335136558656,15.9589182881825
UPPER CUMBERLAND,CHRONIC LIVER DISEASE AND CIRRHOSIS,Total,9.0,81.0,22.4780214900986,17.192360366912
UPPER CUMBERLAND,CHRONIC LIVER DISEASE AND CIRRHOSIS,Male,8.0,62.0,34.8146401176959,27.5120085872493
UPPER CUMBERLAND,CHRONIC LIVER DISEASE AND CIRRHOSIS,Female,11.0,19.0,10.4243248878013,7.51188526965954
UPPER CUMBERLAND,SUICIDE,Total,10.0,80.0,22.2005150519492,20.5915781683075
UPPER CUMBERLAND,SUICIDE,Male,8.0,62.0,34.8146401176959,31.9587563653294
UPPER CUMBERLAND,SUICIDE,Female,14.0,18.0,9.87567620949601,10.1216842193642
UPPER CUMBERLAND,"NEPHRITIS, NEPHROTIC SYNDROME, NEPHROSIS",Total,11.0,79.0,21.9230086137998,15.7626389750913
UPPER CUMBERLAND,"NEPHRITIS, NEPHROTIC SYNDROME, NEPHROSIS",Male,11.0,38.0,21.3380052334265,17.311713215184
UPPER CUMBERLAND,"NEPHRITIS, NEPHROTIC SYNDROME, NEPHROSIS",Female,9.0,41.0,22.4945958105187,14.2639211688026
UPPER CUMBERLAND,HYPERTENSION AND RENAL DISEASE,Total,14.0,46.0,12.7652961548708,8.69836268531239
UPPER CUMBERLAND,HYPERTENSION AND RENAL DISEASE,Male,14.0,24.0,13.4766348842694,9.90866556703682
UPPER CUMBERLAND,HYPERTENSION AND RENAL DISEASE,Female,10.0,22.0,12.0702709227173,7.6597609125929
WEST,DISEASES OF HEART,Total,1.0,1812.0,344.229501532125,247.467249191364
WEST,DISEASES OF HEART,Male,1.0,985.0,379.715117287639,312.978648571821
WEST,DISEASES OF HEART,Female,1.0,827.0,309.751749142284,198.042655863756
WEST,MALIGNANT NEOPLASMS,Total,2.0,1420.0,269.760426145484,188.417404844588
WEST,MALIGNANT NEOPLASMS,Male,2.0,761.0,293.363659143039,224.922110637648
WEST,MALIGNANT NEOPLASMS,Female,2.0,659.0,246.827572774806,161.906718675855
WEST,CHRONIC LOWER RESPIRATORY DISEASES,Total,3.0,457.0,86.8172639073848,59.9137543060721
WEST,CHRONIC LOWER RESPIRATORY DISEASES,Male,4.0,213.0,82.1109847535707,65.3257617066846
WEST,CHRONIC LOWER RESPIRATORY DISEASES,Female,3.0,244.0,91.3898752003835,57.0870249233933
WEST,CEREBROVASCULAR DISEASE,Total,4.0,364.0,69.1498557161664,49.2772478498249
WEST,CEREBROVASCULAR DISEASE,Male,5.0,151.0,58.2101347314046,46.8891490524562
WEST,CEREBROVASCULAR DISEASE,Female,4.0,213.0,79.7788664659086,49.978956548321
WEST,ACCIDENTS AND ADVERSE EFFECTS,Total,5.0,353.0,67.0601622741944,61.6037693951276
WEST,ACCIDENTS AND ADVERSE EFFECTS,Male,3.0,224.0,86.3514581446001,83.4165042702879
WEST,ACCIDENTS AND ADVERSE EFFECTS,Female,6.0,129.0,48.31677828217,40.9759151216539
WEST,ALZHEIMER'S DISEASE,Total,6.0,260.0,49.392754082976,35.6605006429421
WEST,ALZHEIMER'S DISEASE,Male,8.0,86.0,33.1527919662304,30.3901814952832
WEST,ALZHEIMER'S DISEASE,Female,5.0,174.0,65.1714683806014,38.8866213568307
WEST,DIABETES MELLITUS,Total,7.0,235.0,44.6434508057668,32.7299268444466
WEST,DIABETES MELLITUS,Male,6.0,138.0,53.1986661783697,43.094351270188
WEST,DIABETES MELLITUS,Female,7.0,97.0,36.331220878841,24.1214192470941
WEST,PNEUMONIA AND INFLUENZA,Total,8.0,132.0,25.0763213036647,17.7449084143855
WEST,PNEUMONIA AND INFLUENZA,Male,9.0,67.0,25.8283379271795,20.697150608825
WEST,PNEUMONIA AND INFLUENZA,Female,8.0,65.0,24.345663475512,15.2699008358581
WEST,SUICIDE,Total,9.0,112.0,21.2768786818974,19.8531902635582
WEST,SUICIDE,Male,7.0,88.0,33.9237871282358,32.2784218621634
WEST,SUICIDE,Female,15.0,24.0,8.98916805249674,8.51381151980483
WEST,"NEPHRITIS, NEPHROTIC SYNDROME, NEPHROSIS",Total,10.0,97.0,18.4272967155718,13.2547664764525
WEST,"NEPHRITIS, NEPHROTIC SYNDROME, NEPHROSIS",Male,11.0,48.0,18.5038838881286,14.8198254974051
WEST,"NEPHRITIS, NEPHROTIC SYNDROME, NEPHROSIS",Female,9.0,49.0,18.3528847738475,11.5756671149538
WEST,CHRONIC LIVER DISEASE AND CIRRHOSIS,Total,11.0,81.0,15.3877426181579,11.9299012623886
WEST,CHRONIC LIVER DISEASE AND CIRRHOSIS,Male,10.0,52.0,20.0458742121393,15.7207410730743
WEST,CHRONIC LIVER DISEASE AND CIRRHOSIS,Female,12.0,29.0,10.8619113967669,8.38387932958783
WEST,HYPERTENSION AND RENAL DISEASE,Total,12.0,80.0,15.1977704870695,10.6966603100402
WEST,HYPERTENSION AND RENAL DISEASE,Male,15.0,33.0,12.7214201730884,10.0823208536963
WEST,HYPERTENSION AND RENAL DISEASE,Female,10.0,47.0,17.6037874361395,10.7051618926149
